features_id,features,propertyType,zoning
0,"{""exteriorType"": ""Stucco"", ""floorCount"": 1, ""garage"": true, ""garageSpaces"": 2, ""garageType"": ""Garage"", ""heating"": true}",Single Family,PAD
1,"{""architectureType"": ""French Provincial"", ""cooling"": true, ""coolingType"": ""Commercial"", ""fireplace"": true, ""floorCount"": 2, ""roomCount"": 8}",Single Family,R5
2,"{""architectureType"": ""Condo / Apartment"", ""garage"": true, ""garageSpaces"": 2, ""garageType"": ""Garage"", ""unitCount"": 1}",Condo,R-1:SINGLE FAM-RES
3,NaN,Single Family,Unknown
4,"{""cooling"": true, ""coolingType"": ""Package"", ""exteriorType"": ""Stucco"", ""floorCount"": 2, ""foundationType"": ""Footing"", ""garage"": true, ""garageSpaces"": 2, ""garageType"": ""Garage"", ""heating"": true, ""heatingType"": ""Package"", ""roofType"": ""Composition Shingle"", ""unitCount"": 1}",Single Family,OPUD
5,{},Apartment,Unknown
6,{},Unknown,Unknown
7,NaN,Townhouse,Unknown
8,"{""cooling"": true, ""coolingType"": ""Central"", ""exteriorType"": ""Aluminum Siding"", ""fireplace"": true, ""fireplaceType"": ""Single"", ""floorCount"": 1, ""foundationType"": ""Wood"", ""heating"": true, ""heatingType"": ""Forced Air"", ""roofType"": ""Shingle (Not Wood)"", ""roomCount"": 6, ""unitCount"": 1}",Single Family,R3
9,NaN,Condo,Unknown
10,"{""architectureType"": ""Ranch / Rambler"", ""exteriorType"": ""Aluminum / Vinyl Siding"", ""fireplace"": true, ""floorCount"": 1, ""garage"": true, ""garageSpaces"": 1, ""garageType"": ""Garage"", ""heating"": true, ""heatingType"": ""Hot Water"", ""roofType"": ""Asphalt"", ""roomCount"": 5, ""unitCount"": 1}",Single Family,R-2
11,"{""architectureType"": ""Condo / Apartment"", ""unitCount"": 1}",Condo,Unknown
12,"{""cooling"": true, ""coolingType"": ""Central"", ""exteriorType"": ""Brick Veneer"", ""fireplace"": true, ""fireplaceType"": ""Single"", ""floorCount"": 1, ""foundationType"": ""OTHER"", ""garage"": true, ""garageType"": ""Built-in"", ""heating"": true, ""heatingType"": ""Central"", ""roofType"": ""Fiberglass"", ""unitCount"": 1}",Single Family,Unknown
13,"{""exteriorType"": ""Concrete Block"", ""floorCount"": 1, ""roofType"": ""Other"", ""unitCount"": 1}",Single Family,"0100:SINGLE FAM,GENERAL"
14,"{""architectureType"": ""Mobile Home"", ""garage"": true, ""garageType"": ""Detached""}",Manufactured,Unknown
15,"{""cooling"": true, ""coolingType"": ""Central"", ""exteriorType"": ""Aluminum / Vinyl Siding"", ""fireplace"": true, ""fireplaceType"": ""Prefab"", ""floorCount"": 1, ""foundationType"": ""Crawl / Raised"", ""heating"": true, ""heatingType"": ""Heat Pump"", ""roofType"": ""Composition Shingle"", ""unitCount"": 1}",Single Family,Unknown
16,"{""cooling"": true, ""coolingType"": ""Central"", ""exteriorType"": ""Brick"", ""floorCount"": 2, ""garage"": true, ""garageSpaces"": 2, ""garageType"": ""Underground / Basement"", ""heating"": true, ""heatingType"": ""Central"", ""roomCount"": 6}",Townhouse,R-4-HIGH DENSITY APARTMEN
17,"{""exteriorType"": ""Other"", ""floorCount"": 2, ""garage"": true, ""garageType"": ""Garage"", ""heating"": true, ""heatingType"": ""Baseboard"", ""roomCount"": 5, ""unitCount"": 1, ""architectureType"": ""Conventional""}",Single Family,Unknown
18,"{""cooling"": true, ""coolingType"": ""Commercial"", ""heating"": true, ""roofType"": ""Composition Shingle""}",Single Family,RMU
19,"{""cooling"": true, ""coolingType"": ""Central"", ""floorCount"": 1, ""garage"": true, ""garageSpaces"": 2, ""garageType"": ""Garage"", ""heating"": true, ""heatingType"": ""Central"", ""unitCount"": 1}",Single Family,Unknown
20,"{""architectureType"": ""Conventional"", ""cooling"": true, ""coolingType"": ""Commercial"", ""exteriorType"": ""Brick / Stone"", ""floorCount"": 2, ""heating"": true, ""heatingType"": ""Gas"", ""roomCount"": 4, ""unitCount"": 1}",Condo,Unknown
21,"{""heating"": true, ""heatingType"": ""Central""}",Vacant,Unknown
22,"{""architectureType"": ""Split Level"", ""fireplace"": true, ""floorCount"": 2, ""garage"": true, ""garageType"": ""Attached"", ""heating"": true, ""heatingType"": ""Forced Air"", ""unitCount"": 1}",Single Family,Unknown
23,"{""architectureType"": ""Log Cabin / Rustic"", ""cooling"": true, ""coolingType"": ""Central"", ""exteriorType"": ""Aluminum / Vinyl Siding"", ""fireplace"": true, ""floorCount"": 1, ""garage"": true, ""garageType"": ""Garage"", ""heating"": true, ""heatingType"": ""Central"", ""roofType"": ""Asphalt"", ""unitCount"": 1}",Single Family,R-I
24,"{""fireplace"": true, ""floorCount"": 1, ""garage"": true, ""garageSpaces"": 1, ""garageType"": ""Attached Garage"", ""heating"": true, ""heatingType"": ""Forced Air"", ""unitCount"": 1}",Single Family,SF 7200
25,"{""cooling"": true, ""coolingType"": ""Central"", ""exteriorType"": ""Brick Veneer"", ""fireplace"": true, ""fireplaceType"": ""Masonry"", ""floorCount"": 2, ""foundationType"": ""Slab / Mat / Raft"", ""garage"": true, ""garageSpaces"": 2, ""garageType"": ""Garage"", ""heating"": true, ""heatingType"": ""Electric"", ""roofType"": ""Composition Shingle"", ""unitCount"": 1}",Single Family,Unknown
26,"{""architectureType"": ""Contemporary"", ""cooling"": true, ""coolingType"": ""Central"", ""exteriorType"": ""Siding"", ""floorCount"": 1, ""foundationType"": ""Slab"", ""garage"": true, ""garageSpaces"": 2, ""garageType"": ""Attached"", ""heating"": true, ""heatingType"": ""Forced Air"", ""roofType"": ""Asphalt"", ""roomCount"": 10, ""unitCount"": 2}",Duplex-Triplex,Unknown
27,"{""architectureType"": ""Duplex"", ""cooling"": true, ""coolingType"": ""Window"", ""exteriorType"": ""Wood"", ""fireplace"": true, ""floorCount"": 1, ""foundationType"": ""Pier / Post & Beam"", ""heating"": true, ""roofType"": ""Composition Shingle"", ""unitCount"": 1}",Duplex-Triplex,Z239
28,"{""architectureType"": ""Contemporary"", ""exteriorType"": ""Wood"", ""floorCount"": 1, ""foundationType"": ""Concrete"", ""garage"": true, ""garageSpaces"": 5, ""garageType"": ""Carport"", ""roofType"": ""Shingle (Not Wood)"", ""roomCount"": 13, ""unitCount"": 1}",Single Family,U/04/00 - MULTI-LUO
29,"{""cooling"": true, ""coolingType"": ""Central"", ""exteriorType"": ""Stucco"", ""floorCount"": 2, ""garage"": true, ""garageSpaces"": 2, ""garageType"": ""Attached"", ""heating"": true, ""heatingType"": ""Forced Air"", ""roofType"": ""Tile"", ""roomCount"": 7, ""unitCount"": 1}",Single Family,Unknown
30,"{""cooling"": true, ""coolingType"": ""Refrigeration"", ""exteriorType"": ""Block"", ""floorCount"": 1, ""garage"": true, ""garageSpaces"": 2, ""garageType"": ""Garage"", ""heating"": true, ""heatingType"": ""Forced Air"", ""roofType"": ""Asphalt"", ""roomCount"": 5, ""unitCount"": 1}",Single Family,R-8
31,{},Single Family,Unknown
32,"{""architectureType"": ""2+ Story"", ""cooling"": true, ""coolingType"": ""Central"", ""exteriorType"": ""Stucco"", ""fireplace"": true, ""floorCount"": 2, ""garage"": true, ""garageSpaces"": 1, ""garageType"": ""Attached"", ""heating"": true, ""heatingType"": ""Forced Air"", ""roofType"": ""Tile"", ""roomCount"": 7, ""unitCount"": 1}",Single Family,Unknown
33,"{""cooling"": true, ""coolingType"": ""Central"", ""exteriorType"": ""Aluminum / Vinyl Siding"", ""fireplace"": true, ""fireplaceType"": ""Prefab"", ""floorCount"": 1, ""garage"": true, ""garageSpaces"": 2, ""garageType"": ""Garage"", ""heating"": true, ""heatingType"": ""Forced Air"", ""roofType"": ""Composition Shingle"", ""unitCount"": 1}",Single Family,RLD-60
34,"{""cooling"": true, ""coolingType"": ""Central"", ""exteriorType"": ""Aluminum / Vinyl Siding"", ""fireplace"": true, ""floorCount"": 2, ""foundationType"": ""Slab"", ""garage"": true, ""garageType"": ""Attached"", ""heating"": true, ""heatingType"": ""Forced Air"", ""roofType"": ""Asphalt"", ""roomCount"": 7, ""unitCount"": 1}",Single Family,Unknown
35,"{""cooling"": true, ""coolingType"": ""Central"", ""exteriorType"": ""Brick"", ""fireplace"": true, ""roomCount"": 5}",Condo,Unknown
36,"{""architectureType"": ""Condo / Apartment"", ""cooling"": true, ""coolingType"": ""Evaporative"", ""exteriorType"": ""Wood"", ""floorCount"": 4, ""garage"": true, ""garageSpaces"": 1, ""garageType"": ""Carport"", ""heating"": true, ""heatingType"": ""Forced Air"", ""roofType"": ""Built-up (Layered Asphalt)"", ""roomCount"": 99, ""unitCount"": 1}",Townhouse,Unknown
37,"{""cooling"": true, ""coolingType"": ""Central"", ""exteriorType"": ""Brick"", ""fireplace"": true, ""floorCount"": 1, ""foundationType"": ""Slab / Mat / Raft"", ""garage"": true, ""garageType"": ""Attached"", ""heating"": true, ""heatingType"": ""Central"", ""roofType"": ""Wood"", ""unitCount"": 1}",Single Family,SFR
38,"{""architectureType"": ""Mobile Home"", ""cooling"": true, ""coolingType"": ""Window"", ""exteriorType"": ""Wood Frame"", ""floorCount"": 1, ""foundationType"": ""Slab / Mat / Raft"", ""garage"": true, ""garageType"": ""Carport"", ""heating"": true, ""heatingType"": ""Forced Air"", ""roofType"": ""Composition Shingle"", ""unitCount"": 1}",Manufactured,Unknown
39,NaN,Land,Unknown
40,"{""architectureType"": ""Split Foyer"", ""cooling"": true, ""coolingType"": ""Central"", ""exteriorType"": ""Aluminum / Vinyl Siding"", ""fireplace"": true, ""floorCount"": 2, ""foundationType"": ""Slab"", ""garage"": true, ""garageType"": ""Garage"", ""heating"": true, ""heatingType"": ""Forced Air"", ""roofType"": ""Asphalt"", ""roomCount"": 7, ""unitCount"": 1}",Single Family,Unknown
41,"{""cooling"": true, ""coolingType"": ""Central"", ""exteriorType"": ""Wood"", ""fireplace"": true, ""fireplaceType"": ""Single"", ""floorCount"": 1, ""foundationType"": ""Slab / Mat / Raft"", ""garage"": true, ""garageType"": ""Attached"", ""heating"": true, ""heatingType"": ""Central"", ""roofType"": ""Fiberglass"", ""unitCount"": 1}",Single Family,Unknown
42,"{""cooling"": true, ""coolingType"": ""Central"", ""exteriorType"": ""Brick / Stone"", ""fireplace"": true, ""floorCount"": 1, ""foundationType"": ""Masonry"", ""garage"": true, ""garageType"": ""Carport"", ""heating"": true, ""heatingType"": ""Central"", ""roofType"": ""Asphalt"", ""roomCount"": 5, ""unitCount"": 1}",Single Family,Unknown
43,"{""architectureType"": ""2+ Story"", ""cooling"": true, ""coolingType"": ""Central"", ""exteriorType"": ""Stucco"", ""fireplace"": true, ""floorCount"": 2, ""garage"": true, ""garageSpaces"": 2, ""garageType"": ""Built-in Garage"", ""heating"": true, ""heatingType"": ""Forced Air"", ""pool"": true, ""poolType"": ""Pool and Hot Tub / Spa"", ""roofType"": ""Composition Shingle"", ""roomCount"": 10, ""unitCount"": 1}",Single Family,Unknown
44,"{""cooling"": true, ""coolingType"": ""Central"", ""exteriorType"": ""Aluminum / Vinyl Siding"", ""fireplace"": true, ""floorCount"": 1, ""foundationType"": ""Pier"", ""heating"": true, ""heatingType"": ""Heat Pump"", ""roofType"": ""Asphalt""}",Single Family,Unknown
45,"{""floorCount"": 1, ""garage"": true, ""garageSpaces"": 2, ""garageType"": ""Attached"", ""unitCount"": 1}",Single Family,Unknown
46,"{""unitCount"": 1}",Single Family,Unknown
47,"{""architectureType"": ""Bungalow"", ""cooling"": true, ""coolingType"": ""Central"", ""exteriorType"": ""Aluminum / Vinyl Siding"", ""floorCount"": 1, ""heating"": true, ""heatingType"": ""Forced Air"", ""roomCount"": 5, ""unitCount"": 1}",Single Family,7R-3
48,"{""cooling"": true, ""coolingType"": ""Central"", ""exteriorType"": ""Stucco"", ""floorCount"": 1, ""foundationType"": ""Slab / Mat / Raft"", ""garage"": true, ""garageType"": ""Attached"", ""heating"": true, ""heatingType"": ""Central"", ""roofType"": ""Asphalt"", ""unitCount"": 1}",Single Family,RU-1-9
49,"{""architectureType"": ""Split Entry"", ""cooling"": true, ""coolingType"": ""Central"", ""exteriorType"": ""Brick Veneer"", ""floorCount"": 1, ""foundationType"": ""Block"", ""garage"": true, ""garageType"": ""Attached"", ""roofType"": ""Composition Shingle""}",Single Family,Unknown
50,NaN,Apartment,Unknown
51,"{""cooling"": true, ""coolingType"": ""Central"", ""exteriorType"": ""Brick Veneer"", ""fireplace"": true, ""floorCount"": 1, ""foundationType"": ""Slab / Mat / Raft"", ""garage"": true, ""garageType"": ""Attached"", ""heating"": true, ""heatingType"": ""Central"", ""roofType"": ""Asphalt"", ""unitCount"": 1}",Single Family,Unknown
52,"{""architectureType"": ""Condo / Apartment"", ""unitCount"": 1}",Condo,R-1:SINGLE FAM-RES
53,"{""cooling"": true, ""coolingType"": ""Central"", ""exteriorType"": ""Brick Veneer"", ""fireplace"": true, ""fireplaceType"": ""Single"", ""floorCount"": 1, ""foundationType"": ""Raised"", ""garage"": true, ""garageType"": ""Garage"", ""heating"": true, ""heatingType"": ""Steam"", ""roofType"": ""Asphalt"", ""unitCount"": 1}",Single Family,R
54,"{""architectureType"": ""Split Foyer"", ""cooling"": true, ""coolingType"": ""Commercial"", ""exteriorType"": ""Siding"", ""fireplace"": true, ""floorCount"": 2, ""garage"": true, ""garageType"": ""Garage"", ""heating"": true, ""heatingType"": ""Forced Air"", ""roofType"": ""Composition Shingle"", ""unitCount"": 1}",Single Family,Unknown
55,"{""architectureType"": ""Conventional"", ""cooling"": true, ""coolingType"": ""Central"", ""exteriorType"": ""Siding"", ""fireplace"": true, ""floorCount"": 1, ""garage"": true, ""garageSpaces"": 3, ""garageType"": ""Attached"", ""heating"": true, ""heatingType"": ""Baseboard"", ""roomCount"": 7, ""unitCount"": 1, ""pool"": true, ""poolType"": ""In-Ground Pool""}",Single Family,Unknown
56,"{""architectureType"": ""Modern"", ""cooling"": true, ""coolingType"": ""Central"", ""exteriorType"": ""Brick / Stone"", ""fireplace"": true, ""floorCount"": 2, ""garage"": true, ""garageType"": ""Attached"", ""roofType"": ""Shingle"", ""unitCount"": 1}",Single Family,Unknown
57,"{""garage"": true, ""garageType"": ""Attached"", ""unitCount"": 1}",Single Family,Unknown
58,"{""architectureType"": ""Colonial"", ""cooling"": true, ""coolingType"": ""Central"", ""exteriorType"": ""Aluminum / Vinyl Siding"", ""fireplace"": true, ""floorCount"": 2, ""garage"": true, ""garageSpaces"": 2, ""garageType"": ""Attached Garage"", ""heating"": true, ""heatingType"": ""Forced Air"", ""roomCount"": 9, ""unitCount"": 1}",Single Family,R-10
59,"{""cooling"": true, ""coolingType"": ""Central"", ""exteriorType"": ""Concrete Block"", ""floorCount"": 3, ""foundationType"": ""Slab / Mat / Raft"", ""garage"": true, ""garageSpaces"": 2, ""garageType"": ""Attached"", ""heating"": true, ""heatingType"": ""Central"", ""roomCount"": 6, ""unitCount"": 1}",Single Family,Unknown
60,"{""architectureType"": ""Ranch"", ""floorCount"": 1, ""garage"": true, ""garageType"": ""Attached"", ""unitCount"": 1}",Single Family,Unknown
61,"{""cooling"": true, ""coolingType"": ""Central"", ""exteriorType"": ""Combination"", ""floorCount"": 1, ""foundationType"": ""Slab / Mat / Raft"", ""garage"": true, ""garageSpaces"": 2, ""garageType"": ""Garage"", ""heating"": true, ""heatingType"": ""Forced Air"", ""roofType"": ""Shingle"", ""unitCount"": 1}",Single Family,Unknown
62,"{""cooling"": true, ""coolingType"": ""Central"", ""floorCount"": 1, ""garage"": true, ""garageSpaces"": 2, ""garageType"": ""Attached"", ""heating"": true, ""heatingType"": ""Central"", ""roofType"": ""Asphalt"", ""roomCount"": 7, ""unitCount"": 1}",Single Family,ZO01
63,"{""architectureType"": ""Mobile Home"", ""garage"": true, ""garageType"": ""Carport""}",Manufactured,Unknown
64,"{""architectureType"": ""Modern"", ""fireplace"": true, ""floorCount"": 1, ""garage"": true, ""garageSpaces"": 2, ""garageType"": ""Attached Garage"", ""heating"": true, ""heatingType"": ""Central"", ""pool"": true, ""roofType"": ""Composition Shingle"", ""roomCount"": 6, ""unitCount"": 1}",Single Family,Unknown
65,"{""cooling"": true, ""coolingType"": ""Central"", ""exteriorType"": ""Concrete Block"", ""floorCount"": 1, ""foundationType"": ""Slab / Mat / Raft"", ""garage"": true, ""garageType"": ""Attached"", ""heating"": true, ""heatingType"": ""Central"", ""roomCount"": 6}",Single Family,Unknown
66,"{""exteriorType"": ""Aluminum / Vinyl Siding"", ""floorCount"": 1, ""foundationType"": ""Pier"", ""heating"": true, ""heatingType"": ""Central"", ""roofType"": ""Asphalt""}",Single Family,Unknown
67,"{""cooling"": true, ""coolingType"": ""Central"", ""exteriorType"": ""Wood"", ""fireplace"": true, ""floorCount"": 2, ""foundationType"": ""Masonry"", ""heating"": true, ""heatingType"": ""Central"", ""roofType"": ""Wood Shake / Shingle""}",Single Family,R2
68,"{""architectureType"": ""A-Frame"", ""cooling"": true, ""coolingType"": ""Commercial"", ""exteriorType"": ""Aluminum / Vinyl Siding"", ""floorCount"": 2, ""foundationType"": ""Stone"", ""garage"": true, ""garageType"": ""Garage"", ""heating"": true, ""heatingType"": ""Forced Air"", ""roofType"": ""Asphalt"", ""roomCount"": 6, ""unitCount"": 1}",Single Family,Unknown
69,"{""architectureType"": ""Old Style"", ""exteriorType"": ""Wood"", ""floorCount"": 1, ""garage"": true, ""garageType"": ""Garage"", ""heating"": true, ""unitCount"": 1}",Single Family,Unknown
70,"{""architectureType"": ""Conventional"", ""cooling"": true, ""coolingType"": ""Evaporative Cooler"", ""fireplace"": true, ""floorCount"": 1, ""garage"": true, ""heating"": true, ""heatingType"": ""Floor / Wall"", ""roofType"": ""Built-up"", ""roomCount"": 6, ""unitCount"": 1}",Single Family,Unknown
71,"{""cooling"": true, ""coolingType"": ""Central"", ""floorCount"": 2, ""garage"": true, ""garageType"": ""Detached"", ""heating"": true, ""heatingType"": ""Hot Water"", ""roofType"": ""Asphalt"", ""roomCount"": 8, ""unitCount"": 1}",Single Family,Unknown
72,"{""cooling"": true, ""coolingType"": ""Package"", ""exteriorType"": ""Siding"", ""fireplace"": true, ""floorCount"": 1, ""foundationType"": ""Footing"", ""heating"": true, ""heatingType"": ""Package"", ""roofType"": ""Composition Shingle"", ""unitCount"": 1}",Single Family,Unknown
73,"{""cooling"": true, ""coolingType"": ""Refrigeration"", ""fireplace"": true, ""floorCount"": 1, ""garage"": true, ""garageSpaces"": 2, ""garageType"": ""Garage"", ""pool"": true, ""unitCount"": 1}",Single Family,RS5
74,"{""architectureType"": ""Conventional"", ""floorCount"": 1, ""garage"": true, ""garageSpaces"": 1, ""garageType"": ""Garage"", ""heating"": true, ""heatingType"": ""Central"", ""roomCount"": 5, ""unitCount"": 1}",Single Family,POR16000*
75,"{""architectureType"": ""Single Story"", ""cooling"": true, ""coolingType"": ""Central"", ""exteriorType"": ""Frame Siding"", ""fireplace"": true, ""fireplaceType"": ""Prefab"", ""floorCount"": 1, ""garage"": true, ""garageSpaces"": 2, ""garageType"": ""Attached Garage"", ""heating"": true, ""heatingType"": ""Forced Air"", ""pool"": true, ""poolType"": ""Pool and Hot Tub / Spa"", ""roofType"": ""Composition Shingle"", ""unitCount"": 1}",Single Family,R4
76,"{""cooling"": true, ""coolingType"": ""Central"", ""exteriorType"": ""Wood"", ""fireplace"": true, ""fireplaceType"": ""Prefab"", ""floorCount"": 1, ""foundationType"": ""Masonry"", ""heating"": true, ""heatingType"": ""Central"", ""roofType"": ""Asphalt"", ""roomCount"": 5}",Single Family,AR
77,"{""garage"": true, ""garageSpaces"": 2, ""garageType"": ""Garage"", ""unitCount"": 1}",Single Family,R-1:SINGLE FAM-RES
78,"{""cooling"": true, ""coolingType"": ""Central"", ""exteriorType"": ""Aluminum / Vinyl Siding"", ""fireplace"": true, ""floorCount"": 2, ""foundationType"": ""Raised"", ""heating"": true, ""unitCount"": 1, ""heatingType"": ""Steam""}",Single Family,Unknown
79,"{""exteriorType"": ""Wood Siding"", ""fireplace"": true, ""floorCount"": 2, ""foundationType"": ""Crawl / Raised"", ""garage"": true, ""garageSpaces"": 2, ""garageType"": ""Attached"", ""heating"": true, ""heatingType"": ""Forced Air"", ""roofType"": ""Composition Shingle"", ""roomCount"": 6, ""unitCount"": 1}",Single Family,R4.5 SFM
80,"{""architectureType"": ""Conventional"", ""floorCount"": 1, ""heating"": true, ""heatingType"": ""Floor / Wall"", ""roomCount"": 8, ""unitCount"": 1}",Single Family,LPR1YY
81,"{""cooling"": true, ""coolingType"": ""Central"", ""exteriorType"": ""Brick Veneer"", ""fireplace"": true, ""floorCount"": 1, ""foundationType"": ""Slab / Mat / Raft"", ""garage"": true, ""garageType"": ""Attached"", ""heating"": true, ""heatingType"": ""Central"", ""roofType"": ""Composition Shingle"", ""unitCount"": 1}",Single Family,Unknown
82,"{""heating"": true, ""heatingType"": ""Forced Air""}",Single Family,Unknown
83,"{""architectureType"": ""Condo / Apartment"", ""exteriorType"": ""Combination"", ""floorCount"": 1, ""foundationType"": ""Slab / Mat / Raft"", ""roofType"": ""Composition Shingle""}",Condo,Unknown
84,"{""architectureType"": ""Single Story"", ""cooling"": true, ""coolingType"": ""Central"", ""exteriorType"": ""Stucco"", ""fireplace"": true, ""floorCount"": 1, ""garage"": true, ""garageSpaces"": 1, ""garageType"": ""Attached"", ""heating"": true, ""heatingType"": ""Forced Air"", ""pool"": true, ""poolType"": ""Pool and Hot Tub / Spa"", ""roofType"": ""Composition Shingle"", ""roomCount"": 6, ""unitCount"": 1}",Single Family,Unknown
85,"{""cooling"": true, ""coolingType"": ""Central"", ""exteriorType"": ""Brick Veneer"", ""fireplace"": true, ""floorCount"": 1, ""foundationType"": ""Slab"", ""garage"": true, ""garageSpaces"": 2, ""garageType"": ""Attached Garage"", ""heating"": true, ""heatingType"": ""Central"", ""roofType"": ""Composition Shingle"", ""unitCount"": 1}",Single Family,Z390
86,"{""architectureType"": ""Duplex"", ""floorCount"": 1, ""unitCount"": 2}",Duplex-Triplex,R5
87,"{""cooling"": true, ""coolingType"": ""Refrigeration"", ""exteriorType"": ""Wood"", ""floorCount"": 1, ""garage"": true, ""garageSpaces"": 3, ""garageType"": ""Garage"", ""heating"": true}",Single Family,PAD
88,"{""exteriorType"": ""Other"", ""fireplace"": true, ""floorCount"": 1, ""foundationType"": ""Retaining Wall"", ""garage"": true, ""garageType"": ""Garage"", ""roofType"": ""Metal"", ""unitCount"": 1}",Single Family,01
89,"{""architectureType"": ""Split Level"", ""exteriorType"": ""Aluminum / Vinyl Siding"", ""floorCount"": 1, ""garage"": true, ""garageType"": ""Attached"", ""heating"": true, ""heatingType"": ""Forced Air"", ""roofType"": ""Composition Shingle"", ""unitCount"": 1}",Single Family,Unknown
90,{},Single Family,R88 - SINGLE FAMILY RES
91,"{""cooling"": true, ""coolingType"": ""Commercial"", ""exteriorType"": ""Asbestos Shingle"", ""floorCount"": 1, ""foundationType"": ""Raised"", ""heating"": true, ""heatingType"": ""Forced Air"", ""roofType"": ""Asphalt"", ""roomCount"": 5, ""unitCount"": 1}",Single Family,Unknown
92,"{""floorCount"": 2, ""garage"": true, ""garageType"": ""Detached"", ""roomCount"": 7, ""unitCount"": 1}",Single Family,Unknown
93,"{""cooling"": true, ""coolingType"": ""Central"", ""exteriorType"": ""Stucco"", ""fireplace"": true, ""floorCount"": 1, ""heating"": true, ""heatingType"": ""Forced Air"", ""roofType"": ""Composition Shingle"", ""roomCount"": 3, ""unitCount"": 1}",Single Family,DPX
94,"{""architectureType"": ""European"", ""cooling"": true, ""coolingType"": ""Commercial"", ""exteriorType"": ""Siding"", ""floorCount"": 1, ""foundationType"": ""Pier / Post & Beam"", ""garage"": true, ""garageType"": ""Mixed"", ""heating"": true, ""heatingType"": ""Central"", ""roofType"": ""Composition Shingle"", ""unitCount"": 1}",Manufactured,Unknown
95,"{""architectureType"": ""Ranch"", ""cooling"": true, ""coolingType"": ""Central"", ""exteriorType"": ""Aluminum / Vinyl Siding"", ""floorCount"": 1, ""garage"": true, ""garageSpaces"": 1, ""garageType"": ""Detached"", ""heating"": true, ""heatingType"": ""Central"", ""roomCount"": 4, ""unitCount"": 1}",Single Family,Unknown
96,"{""architectureType"": ""European"", ""unitCount"": 1}",Manufactured,Unknown
97,"{""cooling"": true, ""coolingType"": ""Central"", ""exteriorType"": ""Brick Veneer"", ""foundationType"": ""Slab / Mat / Raft"", ""garage"": true, ""garageSpaces"": 2, ""garageType"": ""Garage"", ""heating"": true, ""heatingType"": ""Central"", ""roomCount"": 8, ""floorCount"": 2}",Single Family,Unknown
98,"{""architectureType"": ""Colonial"", ""cooling"": true, ""coolingType"": ""Commercial"", ""exteriorType"": ""Aluminum / Vinyl Siding"", ""floorCount"": 2, ""heating"": true, ""heatingType"": ""Forced Air"", ""unitCount"": 1}",Single Family,RG-2
99,"{""cooling"": true, ""floorCount"": 2, ""garage"": true, ""garageSpaces"": 2, ""garageType"": ""Mixed"", ""heating"": true, ""heatingType"": ""Heat Pump"", ""roofType"": ""Composition Shingle"", ""unitCount"": 1}",Single Family,R2
100,"{""garage"": true, ""garageType"": ""Garage"", ""unitCount"": 1}",Single Family,Unknown
101,"{""cooling"": true, ""coolingType"": ""Commercial"", ""exteriorType"": ""Brick / Stone"", ""floorCount"": 1, ""foundationType"": ""Slab / Mat / Raft"", ""garage"": true, ""garageType"": ""Garage"", ""heating"": true, ""roofType"": ""Composition Shingle"", ""roomCount"": 5, ""unitCount"": 1}",Single Family,PD
102,"{""architectureType"": ""Ranch"", ""cooling"": true, ""coolingType"": ""Central"", ""exteriorType"": ""Aluminum / Vinyl Siding"", ""fireplace"": true, ""floorCount"": 1, ""garage"": true, ""garageType"": ""Attached"", ""heating"": true, ""heatingType"": ""Forced Air"", ""roofType"": ""Composition Shingle"", ""roomCount"": 5, ""unitCount"": 1}",Single Family,Unknown
103,"{""architectureType"": ""Conventional"", ""exteriorType"": ""Asbestos Shingle"", ""fireplace"": true, ""floorCount"": 1, ""foundationType"": ""Masonry"", ""heating"": true, ""heatingType"": ""Forced Air"", ""roofType"": ""Asphalt"", ""roomCount"": 5, ""unitCount"": 1}",Single Family,RS7
104,"{""architectureType"": ""Mobile Home"", ""cooling"": true, ""coolingType"": ""Central"", ""fireplace"": true, ""floorCount"": 1, ""garage"": true, ""garageType"": ""Carport"", ""heating"": true, ""heatingType"": ""Central"", ""roofType"": ""Composition Shingle"", ""unitCount"": 1, ""viewType"": ""Golf Course""}",Manufactured,RMS
105,"{""architectureType"": ""Townhouse"", ""cooling"": true, ""coolingType"": ""Central"", ""exteriorType"": ""Aluminum / Vinyl Siding"", ""fireplace"": true, ""fireplaceType"": ""Prefab"", ""floorCount"": 2, ""heating"": true, ""heatingType"": ""Central"", ""roomCount"": 5, ""unitCount"": 1}",Single Family,TH
106,"{""architectureType"": ""Split Level"", ""cooling"": true, ""coolingType"": ""Commercial"", ""exteriorType"": ""OTHER"", ""fireplace"": true, ""floorCount"": 1, ""foundationType"": ""Raised"", ""garage"": true, ""garageSpaces"": 1, ""garageType"": ""Mixed"", ""heating"": true, ""heatingType"": ""Forced Air"", ""roofType"": ""Composition Shingle"", ""roomCount"": 8, ""unitCount"": 1}",Single Family,R100-SINGLE FAM RES
107,"{""architectureType"": ""Traditional"", ""cooling"": true, ""coolingType"": ""Central"", ""exteriorType"": ""Wood"", ""fireplace"": true, ""fireplaceType"": ""Masonry"", ""floorCount"": 2, ""foundationType"": ""Concrete"", ""garage"": true, ""garageSpaces"": 1, ""garageType"": ""Attached"", ""heating"": true, ""heatingType"": ""Central"", ""unitCount"": 1}",Single Family,TND
108,"{""cooling"": true, ""coolingType"": ""Central"", ""exteriorType"": ""Stucco"", ""floorCount"": 2, ""foundationType"": ""Slab / Mat / Raft"", ""garage"": true, ""garageType"": ""Garage"", ""roofType"": ""Tile"", ""unitCount"": 1}",Single Family,R-1
109,"{""architectureType"": ""Modular"", ""exteriorType"": ""Aluminum / Vinyl Siding"", ""foundationType"": ""Raised"", ""garage"": true, ""garageType"": ""Garage"", ""heating"": true, ""heatingType"": ""Forced Air"", ""unitCount"": 2}",Single Family,LR-LOW DENSITY
110,"{""garage"": true, ""garageType"": ""Mixed"", ""pool"": true}",Vacant,RS-30
111,"{""cooling"": true, ""coolingType"": ""Central"", ""exteriorType"": ""Concrete Block"", ""floorCount"": 2, ""foundationType"": ""Slab / Mat / Raft"", ""garage"": true, ""garageSpaces"": 1, ""garageType"": ""Attached"", ""heating"": true, ""heatingType"": ""Central"", ""roomCount"": 7}",Single Family,Unknown
112,"{""architectureType"": ""Rambler"", ""cooling"": true, ""coolingType"": ""Central"", ""exteriorType"": ""Brick"", ""floorCount"": 1, ""heating"": true, ""heatingType"": ""Forced Air"", ""roomCount"": 5, ""unitCount"": 1}",Single Family,RPC: RES PLANNED CMNTY
113,"{""cooling"": true, ""coolingType"": ""Refrigeration"", ""exteriorType"": ""Wood"", ""floorCount"": 1, ""garage"": true, ""garageSpaces"": 3, ""garageType"": ""Garage"", ""heating"": true, ""heatingType"": ""Forced Air"", ""roofType"": ""Built-up (Layered Asphalt)"", ""roomCount"": 8, ""unitCount"": 1}",Single Family,Unknown
114,"{""architectureType"": ""Other"", ""exteriorType"": ""Brick"", ""floorCount"": 1, ""unitCount"": 1}",Condo,Unknown
115,"{""cooling"": true, ""exteriorType"": ""Brick / Stone"", ""fireplace"": true, ""fireplaceType"": ""Single"", ""floorCount"": 1, ""garage"": true, ""garageSpaces"": 1, ""garageType"": ""Attached"", ""heating"": true, ""heatingType"": ""Forced Air"", ""roofType"": ""Composition Shingle"", ""roomCount"": 5, ""unitCount"": 1, ""coolingType"": ""Commercial"", ""foundationType"": ""Slab / Mat / Raft""}",Single Family,PIP
116,"{""cooling"": true, ""coolingType"": ""Package"", ""exteriorType"": ""Concrete Block"", ""floorCount"": 1, ""foundationType"": ""Footing"", ""garage"": true, ""garageSpaces"": 2, ""garageType"": ""Garage"", ""heating"": true, ""heatingType"": ""Package"", ""pool"": true, ""roofType"": ""Composition Shingle"", ""unitCount"": 1}",Single Family,OPUD
117,"{""architectureType"": ""Ranch / Rambler"", ""exteriorType"": ""Aluminum / Vinyl Siding"", ""fireplace"": true, ""fireplaceType"": ""Single"", ""floorCount"": 1, ""foundationType"": ""Crawl / Raised"", ""garage"": true, ""garageType"": ""Detached Garage"", ""heating"": true, ""roofType"": ""Composition Shingle"", ""unitCount"": 1}",Single Family,RS3
118,"{""architectureType"": ""Condo / Apartment"", ""cooling"": true, ""coolingType"": ""Central"", ""exteriorType"": ""Concrete"", ""fireplace"": true, ""fireplaceType"": ""Masonry"", ""floorCount"": 2, ""heating"": true, ""heatingType"": ""Forced Air"", ""roomCount"": 5, ""unitCount"": 1, ""garage"": true, ""garageType"": ""Garage""}",Condo,A
119,"{""cooling"": true, ""coolingType"": ""Central"", ""exteriorType"": ""Brick Veneer"", ""fireplace"": true, ""floorCount"": 1, ""foundationType"": ""Slab / Mat / Raft"", ""garage"": true, ""garageSpaces"": 1, ""garageType"": ""Attached"", ""heating"": true, ""heatingType"": ""Central"", ""roofType"": ""Composition Shingle"", ""unitCount"": 1}",Single Family,Z372
120,"{""architectureType"": ""Condo / Apartment"", ""cooling"": true, ""coolingType"": ""Central"", ""exteriorType"": ""Brick / Stone"", ""floorCount"": 1, ""foundationType"": ""Girder"", ""heating"": true, ""heatingType"": ""Central"", ""roofType"": ""Roll Tar & Gravel"", ""unitCount"": 1}",Condo,Z239
121,"{""cooling"": true, ""coolingType"": ""Commercial"", ""exteriorType"": ""Brick Veneer"", ""fireplace"": true, ""foundationType"": ""Retaining Wall"", ""heating"": true, ""roofType"": ""Shingle (Not Wood)"", ""roomCount"": 5, ""unitCount"": 1}",Single Family,R-6
122,"{""architectureType"": ""Condo / Apartment"", ""floorCount"": 40, ""unitCount"": 1}",Condo,Unknown
123,"{""architectureType"": ""Colonial"", ""cooling"": true, ""coolingType"": ""Central"", ""exteriorType"": ""Masonry"", ""fireplace"": true, ""fireplaceType"": ""Single"", ""floorCount"": 2, ""foundationType"": ""Concrete"", ""garage"": true, ""garageType"": ""Attached Garage"", ""heating"": true, ""heatingType"": ""Central"", ""roofType"": ""Asphalt"", ""unitCount"": 1}",Single Family,PDH3
124,"{""cooling"": true, ""coolingType"": ""Commercial"", ""exteriorType"": ""Concrete Block"", ""floorCount"": 1, ""foundationType"": ""Slab / Mat / Raft"", ""garage"": true, ""garageType"": ""Attached"", ""heating"": true, ""heatingType"": ""Forced Air"", ""roomCount"": 9, ""unitCount"": 1}",Single Family,RS-4
125,"{""cooling"": true, ""exteriorType"": ""Stucco"", ""fireplace"": true, ""floorCount"": 1, ""foundationType"": ""OTHER"", ""heating"": true, ""heatingType"": ""Package"", ""roofType"": ""Composition Shingle"", ""roomCount"": 4, ""unitCount"": 1, ""coolingType"": ""Commercial""}",Single Family,Unknown
126,"{""architectureType"": ""Colonial"", ""exteriorType"": ""Wood"", ""floorCount"": 3, ""garage"": true, ""garageSpaces"": 1, ""garageType"": ""Detached"", ""heating"": true, ""heatingType"": ""Forced Air"", ""roofType"": ""Asphalt"", ""roomCount"": 12, ""unitCount"": 1}",Duplex-Triplex,U1
127,"{""floorCount"": 1, ""roofType"": ""Shingle"", ""unitCount"": 1}",Single Family,Unknown
128,"{""architectureType"": ""Conventional"", ""cooling"": true, ""coolingType"": ""Commercial"", ""exteriorType"": ""Stucco"", ""fireplace"": true, ""floorCount"": 1, ""garage"": true, ""garageSpaces"": 2, ""garageType"": ""Attached"", ""heating"": true, ""heatingType"": ""Forced Air"", ""roofType"": ""Composition Shingle"", ""roomCount"": 8, ""unitCount"": 1}",Single Family,R100-SINGLE FAM RES
129,"{""architectureType"": ""Contemporary"", ""cooling"": true, ""coolingType"": ""Commercial"", ""exteriorType"": ""Aluminum / Vinyl Siding"", ""fireplace"": true, ""floorCount"": 2, ""heating"": true, ""heatingType"": ""Forced Air"", ""roofType"": ""Asphalt"", ""roomCount"": 5, ""unitCount"": 1}",Single Family,R1
130,"{""architectureType"": ""Ranch"", ""cooling"": true, ""coolingType"": ""Central"", ""exteriorType"": ""Wood"", ""floorCount"": 1, ""garage"": true, ""garageType"": ""Attached"", ""heating"": true, ""heatingType"": ""Forced Air"", ""roofType"": ""Composition Shingle""}",Single Family,Unknown
131,"{""cooling"": true, ""coolingType"": ""Central"", ""floorCount"": 2, ""garage"": true, ""garageSpaces"": 3, ""garageType"": ""Garage"", ""heating"": true, ""heatingType"": ""Central""}",Single Family,Unknown
132,"{""exteriorType"": ""Protective"", ""fireplace"": true, ""floorCount"": 1, ""foundationType"": ""Retaining Wall"", ""heating"": true, ""roofType"": ""Asphalt"", ""unitCount"": 1}",Single Family,Unknown
133,"{""architectureType"": ""Multi-Unit Building"", ""fireplace"": true, ""floorCount"": 1, ""garage"": true, ""garageSpaces"": 1, ""garageType"": ""Attached Garage"", ""heating"": true, ""roofType"": ""Gravel / Rock"", ""unitCount"": 2}",Multi Family,R2
134,"{""cooling"": true, ""coolingType"": ""Central"", ""exteriorType"": ""Brick"", ""fireplace"": true, ""floorCount"": 2, ""garage"": true, ""garageType"": ""Garage"", ""roomCount"": 8}",Single Family,RS10
135,"{""cooling"": true, ""coolingType"": ""Refrigeration"", ""exteriorType"": ""Block"", ""floorCount"": 1, ""garage"": true, ""garageSpaces"": 1, ""garageType"": ""Carport"", ""heating"": true, ""heatingType"": ""Forced Air"", ""pool"": true, ""roofType"": ""Asphalt"", ""roomCount"": 5, ""unitCount"": 1}",Single Family,R-6
136,"{""cooling"": true, ""coolingType"": ""Commercial"", ""exteriorType"": ""Siding"", ""floorCount"": 1, ""foundationType"": ""Footing"", ""garage"": true, ""garageSpaces"": 2, ""garageType"": ""Mixed"", ""heating"": true, ""heatingType"": ""Package"", ""roofType"": ""Metal"", ""unitCount"": 1}",Single Family,Unknown
137,"{""architectureType"": ""Traditional"", ""cooling"": true, ""coolingType"": ""Commercial"", ""exteriorType"": ""Brick"", ""fireplace"": true, ""floorCount"": 2, ""foundationType"": ""Masonry"", ""heating"": true, ""heatingType"": ""Heat Pump"", ""pool"": true, ""poolType"": ""Pool, Fiberglass"", ""roofType"": ""Composition Shingle"", ""roomCount"": 9, ""unitCount"": 1}",Single Family,R7 - SINGLE FAMILY RES
138,"{""cooling"": true, ""coolingType"": ""Central"", ""exteriorType"": ""Stucco"", ""floorCount"": 1, ""foundationType"": ""Slab / Mat / Raft"", ""garage"": true, ""garageType"": ""Attached"", ""heating"": true, ""heatingType"": ""Central"", ""roofType"": ""Asphalt"", ""unitCount"": 1}",Single Family,SRE
139,"{""garage"": true, ""garageSpaces"": 3, ""garageType"": ""Garage"", ""unitCount"": 1}",Single Family,R-1:SINGLE FAM-RES
140,"{""cooling"": true, ""coolingType"": ""Central"", ""fireplace"": true, ""fireplaceType"": ""Masonry"", ""floorCount"": 2, ""garage"": true, ""garageSpaces"": 1, ""garageType"": ""Attached"", ""heating"": true, ""heatingType"": ""Central"", ""roofType"": ""Asphalt"", ""roomCount"": 12, ""unitCount"": 1}",Single Family,ZO01
141,"{""architectureType"": ""Split Level"", ""cooling"": true, ""coolingType"": ""Commercial"", ""exteriorType"": ""Brick"", ""fireplace"": true, ""floorCount"": 2, ""heating"": true, ""heatingType"": ""Electric"", ""roofType"": ""Composition Shingle"", ""roomCount"": 8, ""unitCount"": 1}",Condo,R-8C(R-8 W/CLUSTER DEV)
142,"{""architectureType"": ""Ranch"", ""cooling"": true, ""coolingType"": ""Central"", ""exteriorType"": ""Brick Veneer"", ""floorCount"": 1, ""foundationType"": ""Raised"", ""garage"": true, ""garageSpaces"": 2, ""garageType"": ""Attached"", ""heating"": true, ""heatingType"": ""Central"", ""roofType"": ""Composition Shingle"", ""roomCount"": 5, ""unitCount"": 1}",Single Family,Unknown
143,"{""cooling"": true, ""coolingType"": ""Commercial"", ""exteriorType"": ""Brick Veneer"", ""fireplace"": true, ""fireplaceType"": ""1 Story Brick Chimney"", ""floorCount"": 1, ""foundationType"": ""Slab / Mat / Raft"", ""heating"": true, ""heatingType"": ""Forced Air"", ""roofType"": ""Composition Shingle"", ""roomCount"": 6, ""unitCount"": 1}",Single Family,Unknown
144,"{""architectureType"": ""Condo / Apartment""}",Condo,6407:HIGH DENS MIX USE
145,"{""floorCount"": 2, ""unitCount"": 1}",Single Family,Unknown
146,{},Land,Unknown
147,"{""exteriorType"": ""Wood"", ""floorCount"": 2, ""garage"": true, ""garageSpaces"": 2, ""garageType"": ""Garage"", ""unitCount"": 1}",Single Family,Unknown
148,"{""exteriorType"": ""Vinyl"", ""garage"": true, ""garageType"": ""Garage""}",Single Family,BERKELEY COUNTY - PD-MU
149,"{""cooling"": true, ""coolingType"": ""Central"", ""fireplace"": true, ""fireplaceType"": ""Masonry"", ""floorCount"": 1, ""garage"": true, ""garageSpaces"": 1, ""garageType"": ""Attached"", ""heating"": true, ""heatingType"": ""Central"", ""roofType"": ""Asphalt"", ""roomCount"": 8}",Single Family,Unknown
150,"{""floorCount"": 1, ""garage"": true, ""garageType"": ""Garage"", ""roomCount"": 6, ""unitCount"": 1}",Single Family,Unknown
151,"{""floorCount"": 1, ""unitCount"": 1}",Single Family,PUD
152,"{""architectureType"": ""Ranch"", ""cooling"": true, ""coolingType"": ""Commercial"", ""exteriorType"": ""Aluminum / Vinyl Siding"", ""fireplace"": true, ""floorCount"": 1, ""garage"": true, ""garageType"": ""Basement"", ""heating"": true, ""heatingType"": ""Forced Air"", ""roofType"": ""Asphalt"", ""roomCount"": 6}",Single Family,RS
153,"{""architectureType"": ""Mobile Home"", ""cooling"": true, ""coolingType"": ""Central"", ""exteriorType"": ""Metal"", ""floorCount"": 1, ""garage"": true, ""garageSpaces"": 1, ""garageType"": ""Carport"", ""heating"": true, ""heatingType"": ""Forced Air"", ""roofType"": ""Metal"", ""unitCount"": 1}",Manufactured,R1MH
154,"{""cooling"": true, ""coolingType"": ""Commercial"", ""exteriorType"": ""Brick"", ""fireplace"": true, ""fireplaceType"": ""Prefab"", ""floorCount"": 1, ""foundationType"": ""Wood"", ""heating"": true, ""heatingType"": ""Forced Air"", ""roofType"": ""Shingle"", ""roomCount"": 8, ""unitCount"": 1}",Single Family,R1
155,"{""cooling"": true, ""coolingType"": ""Central"", ""heating"": true, ""heatingType"": ""Central"", ""unitCount"": 1}",Condo,LA(Q)R3-1
156,"{""architectureType"": ""Mobile Home"", ""fireplace"": true}",Manufactured,Unknown
157,"{""architectureType"": ""Ranch"", ""cooling"": true, ""coolingType"": ""Central"", ""exteriorType"": ""Other"", ""fireplace"": true, ""fireplaceType"": ""Single"", ""floorCount"": 1, ""foundationType"": ""Footing"", ""heating"": true, ""heatingType"": ""Forced Air"", ""roofType"": ""Composition Shingle"", ""unitCount"": 1, ""garage"": true, ""garageType"": ""Detached""}",Single Family,R-20
158,"{""cooling"": true, ""coolingType"": ""Commercial"", ""exteriorType"": ""Stucco"", ""floorCount"": 2, ""garage"": true, ""garageType"": ""Garage"", ""heating"": true, ""heatingType"": ""Forced Air"", ""roofType"": ""Composition Shingle"", ""unitCount"": 1}",Single Family,RS
159,"{""architectureType"": ""Contemporary"", ""exteriorType"": ""Aluminum / Vinyl Siding"", ""floorCount"": 2, ""foundationType"": ""Pier"", ""heating"": true, ""heatingType"": ""Floor / Wall"", ""roofType"": ""Asphalt"", ""roomCount"": 5, ""unitCount"": 1}",Single Family,Unknown
160,"{""cooling"": true, ""coolingType"": ""Commercial"", ""exteriorType"": ""Block"", ""floorCount"": 1, ""garage"": true, ""garageSpaces"": 1, ""garageType"": ""Garage"", ""heating"": true, ""heatingType"": ""Forced Air"", ""roofType"": ""Asphalt"", ""roomCount"": 5, ""unitCount"": 1}",Single Family,R-6
161,"{""cooling"": true, ""coolingType"": ""Central"", ""exteriorType"": ""Concrete Block"", ""floorCount"": 1, ""foundationType"": ""Slab / Mat / Raft"", ""heating"": true, ""heatingType"": ""Central"", ""roofType"": ""Composition Shingle"", ""unitCount"": 1}",Single Family,RS
162,"{""cooling"": true, ""coolingType"": ""Commercial"", ""exteriorType"": ""OTHER"", ""fireplace"": true, ""floorCount"": 2, ""garage"": true, ""garageSpaces"": 3, ""garageType"": ""Garage"", ""heating"": true, ""heatingType"": ""Forced Air"", ""pool"": true, ""poolType"": ""Pool and Hot Tub / Spa"", ""unitCount"": 1}",Single Family,R-1B
163,"{""cooling"": true, ""coolingType"": ""Central"", ""exteriorType"": ""Brick / Stone"", ""floorCount"": 1, ""garage"": true, ""garageSpaces"": 2, ""garageType"": ""Detached"", ""roofType"": ""Shingle"", ""unitCount"": 1}",Single Family,Unknown
164,"{""cooling"": true, ""coolingType"": ""Commercial"", ""exteriorType"": ""Aluminum / Vinyl Siding"", ""foundationType"": ""Raised"", ""garage"": true, ""garageType"": ""Garage"", ""heating"": true, ""heatingType"": ""Forced Air"", ""roomCount"": 8}",Single Family,LDR
165,"{""architectureType"": ""Mobile Home"", ""floorCount"": 1}",Manufactured,Unknown
166,"{""architectureType"": ""Contemporary"", ""cooling"": true, ""coolingType"": ""Central"", ""exteriorType"": ""Stucco"", ""fireplace"": true, ""floorCount"": 1, ""garage"": true, ""garageSpaces"": 1, ""garageType"": ""Attached"", ""heating"": true, ""heatingType"": ""Central"", ""pool"": true, ""roofType"": ""Composition Shingle"", ""roomCount"": 5, ""unitCount"": 1}",Single Family,R110M
167,"{""garage"": true, ""garageSpaces"": 1, ""garageType"": ""Garage"", ""unitCount"": 1}",Single Family,R-1:SINGLE FAM-RES
168,"{""cooling"": true, ""coolingType"": ""Central"", ""exteriorType"": ""Concrete Block"", ""floorCount"": 1, ""garage"": true, ""garageType"": ""Garage"", ""heating"": true, ""heatingType"": ""Central"", ""roofType"": ""Composition Shingle"", ""unitCount"": 1}",Single Family,RSC-9
169,"{""exteriorType"": ""Concrete Block"", ""floorCount"": 2, ""garage"": true, ""garageType"": ""Garage"", ""unitCount"": 1}",Single Family,"3700:MULTI-FAM,10-21 U/A"
170,"{""architectureType"": ""Contemporary"", ""cooling"": true, ""coolingType"": ""Commercial"", ""exteriorType"": ""Aluminum / Vinyl Siding"", ""fireplace"": true, ""floorCount"": 1, ""garage"": true, ""garageType"": ""Attached"", ""heating"": true, ""heatingType"": ""Forced Air"", ""roofType"": ""Asphalt"", ""roomCount"": 6}",Single Family,AG
171,"{""architectureType"": ""Contemporary"", ""floorCount"": 2, ""garage"": true, ""garageSpaces"": 1, ""garageType"": ""Garage"", ""heating"": true, ""heatingType"": ""Central"", ""pool"": true, ""roomCount"": 18, ""unitCount"": 1}",Single Family,DOR175
172,"{""architectureType"": ""Bungalow"", ""cooling"": true, ""coolingType"": ""Central"", ""exteriorType"": ""Stucco"", ""floorCount"": 1, ""foundationType"": ""Block"", ""heating"": true, ""heatingType"": ""Central"", ""roofType"": ""Composition Shingle"", ""roomCount"": 4, ""unitCount"": 1}",Single Family,Unknown
173,"{""cooling"": true, ""fireplace"": true, ""garage"": true, ""heating"": true, ""unitCount"": 1}",Condo,Unknown
174,"{""cooling"": true, ""coolingType"": ""Central"", ""exteriorType"": ""Brick"", ""fireplace"": true, ""floorCount"": 2, ""garage"": true, ""garageType"": ""Garage"", ""heating"": true, ""heatingType"": ""Central""}",Single Family,RES3
175,"{""architectureType"": ""Colonial"", ""exteriorType"": ""Aluminum / Vinyl Siding"", ""fireplace"": true, ""floorCount"": 2, ""garage"": true, ""garageSpaces"": 2, ""garageType"": ""Attached Garage"", ""heating"": true, ""heatingType"": ""Forced Air"", ""roomCount"": 8, ""unitCount"": 1}",Single Family,R1
176,"{""architectureType"": ""Condo / Apartment"", ""cooling"": true, ""coolingType"": ""Commercial"", ""exteriorType"": ""Brick"", ""floorCount"": 1, ""foundationType"": ""Slab / Mat / Raft"", ""heating"": true, ""heatingType"": ""Forced Air"", ""roofType"": ""Asphalt"", ""roomCount"": 3, ""unitCount"": 1}",Condo,RP
177,"{""architectureType"": ""Colonial"", ""cooling"": true, ""coolingType"": ""Commercial"", ""exteriorType"": ""Aluminum / Vinyl Siding"", ""floorCount"": 2, ""garage"": true, ""garageSpaces"": 2, ""garageType"": ""Attached"", ""heating"": true, ""heatingType"": ""Gas"", ""roomCount"": 7, ""unitCount"": 1}",Single Family,Unknown
178,"{""cooling"": true, ""coolingType"": ""Refrigeration"", ""exteriorType"": ""Wood"", ""floorCount"": 1, ""garage"": true, ""garageSpaces"": 3, ""garageType"": ""Garage"", ""heating"": true, ""heatingType"": ""Forced Air"", ""pool"": true, ""roofType"": ""Other"", ""roomCount"": 9, ""unitCount"": 1}",Single Family,R-7
179,"{""architectureType"": ""Colonial"", ""exteriorType"": ""Aluminum / Vinyl Siding"", ""fireplace"": true, ""floorCount"": 2, ""garage"": true, ""garageSpaces"": 2, ""garageType"": ""Attached"", ""heating"": true, ""heatingType"": ""Hot Water"", ""roofType"": ""Asphalt"", ""roomCount"": 6, ""unitCount"": 1}",Single Family,R1
180,"{""cooling"": true, ""coolingType"": ""Central"", ""exteriorType"": ""Other"", ""fireplace"": true, ""floorCount"": 1, ""foundationType"": ""Slab"", ""garage"": true, ""garageType"": ""Attached Garage"", ""heating"": true, ""heatingType"": ""Central"", ""roofType"": ""Shingle (Not Wood)""}",Single Family,Unknown
181,"{""cooling"": true, ""coolingType"": ""Central"", ""exteriorType"": ""Brick"", ""floorCount"": 1, ""heating"": true, ""heatingType"": ""Central"", ""roomCount"": 5}",Single Family,R-4
182,"{""architectureType"": ""Conventional"", ""cooling"": true, ""coolingType"": ""Central"", ""exteriorType"": ""Brick"", ""floorCount"": 1, ""foundationType"": ""Slab / Mat / Raft"", ""garage"": true, ""garageSpaces"": 2, ""garageType"": ""Mixed"", ""heating"": true, ""heatingType"": ""Central"", ""roofType"": ""Composition Shingle"", ""unitCount"": 1}",Single Family,Unknown
183,"{""cooling"": true, ""coolingType"": ""Central"", ""exteriorType"": ""Aluminum / Vinyl Siding"", ""fireplace"": true, ""floorCount"": 2, ""foundationType"": ""Block"", ""garage"": true, ""garageType"": ""Attached"", ""heating"": true, ""heatingType"": ""Heat Pump"", ""roofType"": ""Gravel"", ""unitCount"": 1}",Single Family,Unknown
184,"{""architectureType"": ""Ranch"", ""cooling"": true, ""coolingType"": ""Commercial"", ""exteriorType"": ""OTHER"", ""floorCount"": 1, ""garage"": true, ""garageSpaces"": 1, ""garageType"": ""Detached"", ""heating"": true, ""heatingType"": ""Forced Air"", ""roofType"": ""Composition Shingle"", ""unitCount"": 1}",Single Family,Unknown
185,"{""exteriorType"": ""Brick Veneer"", ""floorCount"": 1, ""foundationType"": ""Slab / Mat / Raft"", ""roofType"": ""Shingle"", ""roomCount"": 5, ""unitCount"": 1}",Single Family,R-9
186,"{""architectureType"": ""Bungalow"", ""cooling"": true, ""coolingType"": ""Central"", ""exteriorType"": ""Concrete Block"", ""floorCount"": 1, ""foundationType"": ""Raised"", ""garage"": true, ""garageSpaces"": 1, ""garageType"": ""Carport"", ""heating"": true, ""heatingType"": ""Central"", ""roomCount"": 5, ""unitCount"": 1}",Single Family,Unknown
187,"{""cooling"": true, ""coolingType"": ""Central"", ""floorCount"": 2, ""garage"": true, ""garageSpaces"": 3, ""garageType"": ""Garage"", ""heating"": true, ""heatingType"": ""Central"", ""pool"": true, ""unitCount"": 1}",Single Family,Unknown
188,"{""architectureType"": ""Row End or Row Middle"", ""cooling"": true, ""coolingType"": ""Commercial"", ""exteriorType"": ""Brick / Stone"", ""floorCount"": 2, ""garage"": true, ""garageType"": ""Detached"", ""roofType"": ""Shingle"", ""unitCount"": 1}",Single Family,Unknown
189,"{""cooling"": true, ""coolingType"": ""Central"", ""exteriorType"": ""Wood"", ""fireplace"": true, ""fireplaceType"": ""Masonry"", ""floorCount"": 2, ""foundationType"": ""Slab / Mat / Raft"", ""garage"": true, ""garageType"": ""Attached"", ""heating"": true, ""heatingType"": ""Forced Air"", ""roofType"": ""Composition Shingle"", ""roomCount"": 6, ""unitCount"": 1}",Single Family,10
190,"{""cooling"": true, ""coolingType"": ""Central"", ""exteriorType"": ""Brick"", ""fireplace"": true, ""fireplaceType"": ""Single"", ""floorCount"": 1, ""garage"": true, ""garageSpaces"": 1, ""garageType"": ""Detached"", ""heating"": true, ""heatingType"": ""Forced Air"", ""roofType"": ""Asphalt"", ""unitCount"": 1}",Single Family,R1
191,{},Single Family,R-24 NB
192,"{""architectureType"": ""Ranch"", ""cooling"": true, ""coolingType"": ""Central"", ""exteriorType"": ""Stucco"", ""floorCount"": 1, ""garage"": true, ""garageSpaces"": 1, ""garageType"": ""Attached"", ""heating"": true, ""heatingType"": ""Forced Air"", ""roofType"": ""Asphalt"", ""unitCount"": 1}",Single Family,RS-1
193,"{""architectureType"": ""Contemporary"", ""cooling"": true, ""coolingType"": ""Central"", ""exteriorType"": ""Stucco"", ""floorCount"": 1, ""garage"": true, ""garageSpaces"": 2, ""garageType"": ""Garage"", ""heating"": true, ""heatingType"": ""Central"", ""roofType"": ""Composition Shingle"", ""unitCount"": 1}",Single Family,PD
194,"{""architectureType"": ""Traditional"", ""cooling"": true, ""coolingType"": ""Central"", ""exteriorType"": ""Composition"", ""fireplace"": true, ""floorCount"": 2, ""garage"": true, ""garageType"": ""Detached Garage"", ""heating"": true, ""heatingType"": ""Heat Pump"", ""roofType"": ""Wood"", ""roomCount"": 8, ""unitCount"": 1}",Single Family,NEIGHBORHOOD MODEL DIST.
195,"{""cooling"": true, ""coolingType"": ""Central"", ""fireplace"": true, ""floorCount"": 2, ""foundationType"": ""Slab / Mat / Raft"", ""garage"": true, ""garageSpaces"": 1, ""garageType"": ""Attached"", ""heating"": true, ""heatingType"": ""Forced Air"", ""roofType"": ""Asphalt""}",Single Family,Unknown
196,"{""architectureType"": ""Conventional"", ""exteriorType"": ""Brick"", ""floorCount"": 1, ""unitCount"": 1}",Single Family,Unknown
197,"{""exteriorType"": ""Stucco"", ""floorCount"": 2, ""heating"": true, ""heatingType"": ""Heat Pump"", ""roofType"": ""Asphalt"", ""unitCount"": 1}",Single Family,RES 12 EDEN
198,"{""cooling"": true, ""coolingType"": ""Central"", ""exteriorType"": ""Brick Veneer"", ""fireplace"": true, ""floorCount"": 1, ""foundationType"": ""Slab / Mat / Raft"", ""garage"": true, ""garageSpaces"": 2, ""garageType"": ""Attached"", ""heating"": true, ""heatingType"": ""Central"", ""roofType"": ""Composition Shingle"", ""unitCount"": 1}",Single Family,Z237
199,"{""architectureType"": ""Condo / Apartment"", ""garage"": true, ""garageType"": ""Attached""}",Condo,RM2.0
200,"{""architectureType"": ""Colonial"", ""cooling"": true, ""coolingType"": ""Central"", ""exteriorType"": ""Aluminum / Vinyl Siding"", ""fireplace"": true, ""fireplaceType"": ""2 Story"", ""floorCount"": 2, ""garage"": true, ""garageSpaces"": 3, ""garageType"": ""Attached Garage"", ""heating"": true, ""heatingType"": ""Forced Air"", ""pool"": true, ""roofType"": ""Composition Shingle"", ""roomCount"": 9, ""unitCount"": 1}",Single Family,A
201,{},Single Family,PUD
202,"{""architectureType"": ""Condo / Apartment"", ""cooling"": true, ""exteriorType"": ""Stucco"", ""floorCount"": 1, ""foundationType"": ""OTHER"", ""garage"": true, ""garageSpaces"": 2, ""garageType"": ""Garage"", ""heating"": true, ""heatingType"": ""Package"", ""roofType"": ""Composition Shingle"", ""roomCount"": 5, ""coolingType"": ""Commercial""}",Single Family,Unknown
203,"{""fireplace"": true, ""floorCount"": 2, ""garage"": true, ""garageSpaces"": 2, ""garageType"": ""Garage"", ""pool"": true, ""roomCount"": 6, ""unitCount"": 1}",Single Family,RM4.
204,"{""architectureType"": ""Townhouse"", ""cooling"": true, ""coolingType"": ""Commercial"", ""exteriorType"": ""Aluminum / Vinyl Siding"", ""fireplace"": true, ""fireplaceType"": ""2 Story"", ""floorCount"": 2, ""garage"": true, ""garageType"": ""Garage"", ""heating"": true, ""heatingType"": ""Forced Air"", ""roofType"": ""Composition Shingle"", ""unitCount"": 1}",Condo,R90
205,"{""cooling"": true, ""coolingType"": ""Central"", ""exteriorType"": ""Brick"", ""floorCount"": 1, ""foundationType"": ""Slab"", ""garage"": true, ""garageSpaces"": 3, ""garageType"": ""Mixed"", ""heating"": true, ""heatingType"": ""Central"", ""unitCount"": 1}",Single Family,Unknown
206,"{""cooling"": true, ""exteriorType"": ""Brick"", ""floorCount"": 1, ""foundationType"": ""Slab"", ""garage"": true, ""garageSpaces"": 2, ""garageType"": ""Garage"", ""heating"": true, ""heatingType"": ""Forced Air"", ""roofType"": ""Asphalt"", ""unitCount"": 1}",Single Family,Unknown
207,"{""fireplace"": true, ""floorCount"": 1, ""garage"": true, ""garageSpaces"": 2, ""garageType"": ""Garage"", ""heating"": true, ""heatingType"": ""Central"", ""roomCount"": 7, ""unitCount"": 1, ""cooling"": true, ""coolingType"": ""Central""}",Single Family,Unknown
208,"{""architectureType"": ""Split Level"", ""cooling"": true, ""coolingType"": ""Central"", ""exteriorType"": ""Brick Veneer"", ""fireplace"": true, ""floorCount"": 2, ""foundationType"": ""Footing"", ""garage"": true, ""garageSpaces"": 2, ""garageType"": ""Garage"", ""heating"": true, ""heatingType"": ""Central"", ""roofType"": ""Shingle"", ""unitCount"": 1}",Single Family,R3
209,"{""cooling"": true, ""coolingType"": ""Central"", ""exteriorType"": ""Aluminum / Vinyl Siding"", ""fireplace"": true, ""floorCount"": 1, ""foundationType"": ""Slab / Mat / Raft"", ""heating"": true, ""heatingType"": ""Heat Pump"", ""roofType"": ""Asphalt"", ""roomCount"": 6, ""unitCount"": 1}",Single Family,R-3
210,"{""exteriorType"": ""Concrete Block"", ""floorCount"": 1, ""garage"": true, ""garageType"": ""Garage"", ""pool"": true, ""roofType"": ""Other"", ""unitCount"": 1}",Single Family,"0100:SINGLE FAM,GENERAL"
211,"{""architectureType"": ""Ranch"", ""cooling"": true, ""coolingType"": ""Central"", ""exteriorType"": ""Aluminum / Vinyl Siding"", ""floorCount"": 1, ""heating"": true, ""heatingType"": ""Heat Pump"", ""roomCount"": 6, ""unitCount"": 1}",Single Family,C
212,"{""architectureType"": ""Bungalow"", ""exteriorType"": ""Brick"", ""floorCount"": 1, ""heating"": true, ""heatingType"": ""Gas"", ""roomCount"": 5, ""unitCount"": 1}",Single Family,Unknown
213,"{""architectureType"": ""Raised Ranch"", ""exteriorType"": ""Aluminum / Vinyl Siding"", ""fireplace"": true, ""floorCount"": 1, ""garage"": true, ""garageType"": ""Basement"", ""heating"": true, ""heatingType"": ""Hot Water"", ""roofType"": ""Asphalt"", ""roomCount"": 6, ""unitCount"": 1}",Single Family,A
214,"{""architectureType"": ""Traditional"", ""cooling"": true, ""coolingType"": ""Central"", ""exteriorType"": ""Brick Veneer"", ""fireplace"": true, ""floorCount"": 1, ""foundationType"": ""Slab / Mat / Raft"", ""garage"": true, ""garageSpaces"": 2, ""garageType"": ""Attached"", ""heating"": true, ""heatingType"": ""Central"", ""roofType"": ""Composition Shingle"", ""roomCount"": 11}",Single Family,Unknown
215,"{""cooling"": true, ""coolingType"": ""Central"", ""exteriorType"": ""Brick Veneer"", ""fireplace"": true, ""floorCount"": 2, ""foundationType"": ""Slab / Mat / Raft"", ""garage"": true, ""garageType"": ""Attached"", ""heating"": true, ""heatingType"": ""Central"", ""roofType"": ""Composition Shingle"", ""unitCount"": 1}",Single Family,Unknown
216,"{""architectureType"": ""Traditional"", ""cooling"": true, ""coolingType"": ""Commercial"", ""exteriorType"": ""Aluminum / Vinyl Siding"", ""fireplace"": true, ""fireplaceType"": ""Gas Log"", ""floorCount"": 2, ""foundationType"": ""Masonry"", ""garage"": true, ""garageSpaces"": 2, ""garageType"": ""Attached Garage"", ""heating"": true, ""heatingType"": ""Heat Pump"", ""pool"": true, ""roofType"": ""Composition Shingle"", ""roomCount"": 9, ""unitCount"": 1}",Single Family,R12 - SINGLE FAMILY RES
217,"{""architectureType"": ""Conventional"", ""exteriorType"": ""Aluminum / Vinyl Siding"", ""fireplace"": true, ""floorCount"": 2, ""garage"": true, ""garageSpaces"": 1, ""garageType"": ""Garage"", ""heating"": true, ""heatingType"": ""Baseboard"", ""roomCount"": 7, ""unitCount"": 1}",Single Family,Unknown
218,"{""architectureType"": ""Condo / Apartment"", ""cooling"": true, ""exteriorType"": ""Wood"", ""floorCount"": 1, ""heating"": true, ""heatingType"": ""Zone"", ""roofType"": ""Composition Shingle"", ""roomCount"": 5, ""unitCount"": 1}",Condo,01A
219,"{""cooling"": true, ""coolingType"": ""Central"", ""exteriorType"": ""OTHER"", ""fireplace"": true, ""fireplaceType"": ""Single"", ""floorCount"": 1, ""foundationType"": ""Slab / Mat / Raft"", ""heating"": true, ""heatingType"": ""Heat Pump"", ""pool"": true, ""poolType"": ""Pool, Concrete"", ""roomCount"": 6, ""unitCount"": 1}",Single Family,4111
220,"{""cooling"": true, ""coolingType"": ""Central"", ""floorCount"": 2, ""foundationType"": ""Slab / Mat / Raft"", ""garage"": true, ""garageType"": ""Attached"", ""heating"": true, ""heatingType"": ""Forced Air"", ""roofType"": ""Asphalt""}",Single Family,Unknown
221,"{""cooling"": true, ""coolingType"": ""Refrigeration"", ""exteriorType"": ""Block"", ""floorCount"": 1, ""garage"": true, ""garageSpaces"": 1, ""garageType"": ""Carport"", ""heating"": true, ""heatingType"": ""Forced Air"", ""pool"": true, ""roofType"": ""Asphalt"", ""roomCount"": 5, ""unitCount"": 1}",Single Family,R-7
222,"{""cooling"": true, ""coolingType"": ""Central"", ""exteriorType"": ""Aluminum / Vinyl Siding"", ""floorCount"": 2, ""garage"": true, ""garageType"": ""Detached"", ""heating"": true, ""heatingType"": ""Gas"", ""roofType"": ""Slate"", ""roomCount"": 8, ""unitCount"": 1}",Single Family,Unknown
223,"{""architectureType"": ""Split Entry"", ""cooling"": true, ""coolingType"": ""Package"", ""exteriorType"": ""Wood"", ""floorCount"": 2, ""garage"": true, ""garageSpaces"": 2, ""garageType"": ""Basement"", ""heating"": true, ""heatingType"": ""Floor / Wall"", ""roofType"": ""Asphalt"", ""roomCount"": 6, ""unitCount"": 1}",Single Family,Unknown
224,"{""exteriorType"": ""Concrete Block"", ""floorCount"": 1, ""garage"": true, ""garageType"": ""Carport"", ""unitCount"": 1}",Single Family,"5700:DUPLEXES,GENERAL"
225,"{""architectureType"": ""Traditional"", ""cooling"": true, ""coolingType"": ""Central"", ""exteriorType"": ""Brick Veneer"", ""fireplace"": true, ""floorCount"": 1, ""foundationType"": ""OTHER"", ""garage"": true, ""garageType"": ""Attached"", ""heating"": true, ""heatingType"": ""Central"", ""roofType"": ""Composition Shingle"", ""roomCount"": 7}",Single Family,Unknown
226,"{""architectureType"": ""Condo / Apartment"", ""cooling"": true, ""coolingType"": ""Commercial"", ""exteriorType"": ""Aluminum / Vinyl Siding"", ""fireplace"": true, ""floorCount"": 2, ""garage"": true, ""garageSpaces"": 1, ""garageType"": ""Basement"", ""roofType"": ""Asphalt"", ""roomCount"": 4, ""unitCount"": 1}",Condo,A1
227,"{""cooling"": true, ""coolingType"": ""Central"", ""exteriorType"": ""Masonry"", ""fireplace"": true, ""fireplaceType"": ""Single"", ""floorCount"": 1, ""foundationType"": ""Slab"", ""garage"": true, ""garageSpaces"": 3, ""garageType"": ""Garage"", ""heating"": true, ""roofType"": ""Composition Shingle"", ""roomCount"": 7, ""unitCount"": 1}",Single Family,R2
228,"{""architectureType"": ""Townhouse"", ""exteriorType"": ""Brick"", ""fireplace"": true, ""roomCount"": 6, ""unitCount"": 1}",Single Family,RESIDENTIAL TOWNHOUSES
229,"{""cooling"": true, ""coolingType"": ""Central"", ""exteriorType"": ""Aluminum / Vinyl Siding"", ""fireplace"": true, ""fireplaceType"": ""Masonry"", ""floorCount"": 2, ""foundationType"": ""Raised"", ""garage"": true, ""garageSpaces"": 2, ""garageType"": ""Attached"", ""heating"": true, ""heatingType"": ""Forced Air"", ""pool"": true, ""roofType"": ""Composition Shingle"", ""roomCount"": 10, ""unitCount"": 1}",Single Family,R-6 UNION COUNTY
230,"{""cooling"": true, ""coolingType"": ""Commercial"", ""exteriorType"": ""Other"", ""garage"": true, ""garageType"": ""Garage""}",Single Family,Unknown
231,"{""cooling"": true, ""coolingType"": ""Package"", ""exteriorType"": ""Siding"", ""floorCount"": 1, ""foundationType"": ""Footing"", ""heating"": true, ""heatingType"": ""Central"", ""roofType"": ""Composition Shingle"", ""unitCount"": 1, ""garage"": true, ""garageType"": ""Carport""}",Single Family,Unknown
232,"{""architectureType"": ""Split Level"", ""cooling"": true, ""coolingType"": ""Commercial"", ""exteriorType"": ""Combination"", ""fireplace"": true, ""floorCount"": 2, ""garage"": true, ""garageType"": ""Garage"", ""heating"": true, ""heatingType"": ""Heat Pump"", ""roofType"": ""Composition Shingle"", ""roomCount"": 7}",Single Family,SINGLE FAMILY RES
233,"{""architectureType"": ""Condo / Apartment"", ""exteriorType"": ""Brick"", ""floorCount"": 1, ""foundationType"": ""OTHER"", ""garage"": true, ""garageType"": ""Carport"", ""roofType"": ""Built-up (Layered Asphalt)"", ""roomCount"": 3}",Condo,HM
234,"{""architectureType"": ""Other"", ""exteriorType"": ""Wood"", ""fireplace"": true, ""floorCount"": 2, ""heating"": true, ""heatingType"": ""Forced Air"", ""unitCount"": 1}",Single Family,R-1-5
235,"{""fireplace"": true, ""floorCount"": 2, ""garage"": true, ""garageType"": ""Garage"", ""roomCount"": 8, ""unitCount"": 1}",Single Family,RPD2.
236,"{""cooling"": true, ""coolingType"": ""Central"", ""heating"": true, ""heatingType"": ""Central"", ""unitCount"": 1}",Single Family,LVPR2D*
237,"{""architectureType"": ""Conventional"", ""cooling"": true, ""coolingType"": ""Central"", ""exteriorType"": ""Wood"", ""fireplace"": true, ""floorCount"": 2, ""garage"": true, ""garageType"": ""Detached"", ""heating"": true, ""heatingType"": ""Forced Air"", ""roomCount"": 7, ""unitCount"": 1}",Single Family,94R-3
238,"{""cooling"": true, ""coolingType"": ""Central"", ""exteriorType"": ""Brick Veneer"", ""fireplace"": true, ""floorCount"": 2, ""foundationType"": ""Slab / Mat / Raft"", ""garage"": true, ""garageSpaces"": 2, ""garageType"": ""Garage"", ""heating"": true, ""heatingType"": ""Central"", ""unitCount"": 1}",Single Family,Unknown
239,"{""cooling"": true, ""coolingType"": ""Commercial"", ""exteriorType"": ""Brick Veneer"", ""fireplace"": true, ""floorCount"": 1, ""foundationType"": ""Slab"", ""heating"": true, ""heatingType"": ""Forced Air"", ""roofType"": ""Shingle (Not Wood)""}",Single Family,Unknown
240,"{""architectureType"": ""Raised Ranch"", ""cooling"": true, ""coolingType"": ""Central"", ""exteriorType"": ""Brick Veneer"", ""fireplace"": true, ""floorCount"": 1, ""foundationType"": ""Pier / Post & Beam"", ""garage"": true, ""garageType"": ""Attached"", ""heating"": true, ""heatingType"": ""Forced Air"", ""roofType"": ""Asphalt"", ""unitCount"": 1}",Single Family,R-1
241,"{""architectureType"": ""Duplex"", ""floorCount"": 2, ""unitCount"": 2}",Duplex-Triplex,R3-1
242,"{""architectureType"": ""Single Story"", ""cooling"": true, ""coolingType"": ""Central"", ""exteriorType"": ""Siding"", ""fireplace"": true, ""fireplaceType"": ""Single"", ""floorCount"": 1, ""garage"": true, ""garageSpaces"": 1, ""garageType"": ""Basement"", ""heating"": true, ""heatingType"": ""Forced Air"", ""roofType"": ""Composition Shingle"", ""unitCount"": 1}",Single Family,R2-SRD
243,"{""architectureType"": ""Bungalow"", ""exteriorType"": ""Combination"", ""fireplace"": true, ""floorCount"": 1, ""foundationType"": ""OTHER"", ""garage"": true, ""garageType"": ""Attached"", ""heating"": true, ""heatingType"": ""Forced Air"", ""roofType"": ""Composition Shingle""}",Single Family,C02
244,"{""architectureType"": ""Ranch"", ""exteriorType"": ""OTHER"", ""floorCount"": 1, ""foundationType"": ""Stone"", ""garage"": true, ""garageType"": ""Garage"", ""heating"": true, ""heatingType"": ""Forced Air"", ""roofType"": ""Composition Shingle"", ""unitCount"": 1}",Single Family,Unknown
245,"{""cooling"": true, ""coolingType"": ""Central"", ""exteriorType"": ""Aluminum / Vinyl Siding"", ""fireplace"": true, ""floorCount"": 1, ""garage"": true, ""garageType"": ""Attached"", ""heating"": true, ""heatingType"": ""Forced Air"", ""roofType"": ""Asphalt"", ""roomCount"": 5, ""unitCount"": 1, ""foundationType"": ""OTHER""}",Single Family,Unknown
246,"{""cooling"": true, ""coolingType"": ""Central"", ""exteriorType"": ""Stucco"", ""fireplace"": true, ""floorCount"": 2, ""garage"": true, ""garageSpaces"": 2, ""garageType"": ""Built-in Garage"", ""heating"": true, ""heatingType"": ""Forced Air"", ""pool"": true, ""poolType"": ""Pool and Hot Tub / Spa"", ""roofType"": ""Tile"", ""roomCount"": 9, ""unitCount"": 1}",Single Family,Unknown
247,"{""cooling"": true, ""coolingType"": ""Central"", ""exteriorType"": ""Concrete Block"", ""heating"": true, ""heatingType"": ""Forced Air"", ""unitCount"": 1, ""architectureType"": ""Condo / Apartment""}",Condo,R-3B
248,"{""garage"": true, ""garageType"": ""Garage"", ""roomCount"": 9, ""unitCount"": 1}",Single Family,Unknown
249,"{""architectureType"": ""Traditional"", ""cooling"": true, ""coolingType"": ""Central"", ""exteriorType"": ""Brick Veneer"", ""fireplace"": true, ""floorCount"": 1, ""foundationType"": ""Slab / Mat / Raft"", ""garage"": true, ""garageSpaces"": 2, ""garageType"": ""Attached"", ""heating"": true, ""heatingType"": ""Central"", ""roomCount"": 6, ""unitCount"": 1}",Single Family,Unknown
250,"{""architectureType"": ""Cape Cod"", ""cooling"": true, ""coolingType"": ""Central"", ""exteriorType"": ""Aluminum / Vinyl Siding"", ""floorCount"": 1, ""foundationType"": ""Concrete"", ""garage"": true, ""garageSpaces"": 1, ""garageType"": ""Garage"", ""heating"": true, ""heatingType"": ""Central"", ""roofType"": ""Shingle (Not Wood)"", ""roomCount"": 7, ""unitCount"": 1}",Single Family,Unknown
251,"{""architectureType"": ""Conventional"", ""cooling"": true, ""coolingType"": ""Commercial"", ""exteriorType"": ""Brick"", ""floorCount"": 1, ""foundationType"": ""Crawl / Raised"", ""heating"": true, ""heatingType"": ""Forced Air"", ""roomCount"": 5, ""unitCount"": 1}",Single Family,R-4
252,NaN,Unknown,Unknown
253,"{""exteriorType"": ""Other"", ""fireplace"": true, ""fireplaceType"": ""Single"", ""floorCount"": 1, ""foundationType"": ""Footing"", ""garage"": true, ""garageType"": ""Garage"", ""roofType"": ""Metal"", ""unitCount"": 1}",Single Family,RAG
254,"{""architectureType"": ""Ranch"", ""cooling"": true, ""coolingType"": ""Central"", ""exteriorType"": ""Brick"", ""fireplace"": true, ""floorCount"": 1, ""foundationType"": ""Slab / Mat / Raft"", ""garage"": true, ""garageSpaces"": 2, ""garageType"": ""Attached"", ""heating"": true, ""heatingType"": ""Central"", ""roofType"": ""Roll Composition"", ""roomCount"": 6, ""unitCount"": 1}",Single Family,Unknown
255,{},Vacant,Unknown
256,"{""architectureType"": ""Conventional"", ""cooling"": true, ""coolingType"": ""Commercial"", ""exteriorType"": ""Brick"", ""fireplace"": true, ""floorCount"": 2, ""garage"": true, ""garageSpaces"": 3, ""garageType"": ""Mixed"", ""heating"": true, ""heatingType"": ""Forced Air"", ""roofType"": ""Composition Shingle"", ""roomCount"": 8, ""unitCount"": 1}",Single Family,R100-SINGLE FAM RES
257,"{""exteriorType"": ""Other"", ""fireplace"": true, ""fireplaceType"": ""Stacked"", ""floorCount"": 2, ""garage"": true, ""garageType"": ""Garage"", ""heating"": true, ""heatingType"": ""Baseboard"", ""roomCount"": 6, ""unitCount"": 1}",Single Family,Unknown
258,"{""architectureType"": ""Other"", ""cooling"": true, ""coolingType"": ""Central"", ""exteriorType"": ""Aluminum / Vinyl Siding"", ""fireplace"": true, ""floorCount"": 2, ""garage"": true, ""garageSpaces"": 2, ""garageType"": ""Underground / Basement"", ""heating"": true, ""heatingType"": ""Gas"", ""roofType"": ""Composition Shingle"", ""roomCount"": 5}",Condo,PD2 - PLANNED DEVELOP
259,"{""cooling"": true}",Multi Family,LMD LOW MEDIUM DENS
260,"{""cooling"": true, ""coolingType"": ""Central"", ""exteriorType"": ""Vinyl"", ""floorCount"": 2, ""foundationType"": ""Block"", ""garage"": true, ""garageType"": ""Detached"", ""heating"": true, ""heatingType"": ""Forced Air"", ""roofType"": ""Asphalt"", ""roomCount"": 5}",Single Family,Unknown
261,"{""cooling"": true, ""exteriorType"": ""Stone Veneer"", ""fireplace"": true, ""floorCount"": 2, ""garage"": true, ""garageSpaces"": 1, ""garageType"": ""Attached"", ""heating"": true, ""heatingType"": ""Forced Air"", ""roofType"": ""Asphalt"", ""roomCount"": 8, ""unitCount"": 1}",Single Family,R6
262,"{""architectureType"": ""Split Level"", ""cooling"": true, ""coolingType"": ""Commercial"", ""exteriorType"": ""Brick"", ""fireplace"": true, ""floorCount"": 2, ""heating"": true, ""heatingType"": ""Forced Air"", ""roofType"": ""Composition Shingle"", ""roomCount"": 7, ""unitCount"": 1}",Townhouse,PDH-8(RESIDENTIAL 8 DU/AC
263,"{""architectureType"": ""Split Level"", ""cooling"": true, ""coolingType"": ""Central"", ""exteriorType"": ""Wood"", ""fireplace"": true, ""floorCount"": 2, ""foundationType"": ""Slab / Mat / Raft"", ""garage"": true, ""garageSpaces"": 2, ""garageType"": ""Attached"", ""roofType"": ""Shingle"", ""unitCount"": 1}",Single Family,Unknown
264,"{""architectureType"": ""Ranch"", ""cooling"": true, ""coolingType"": ""Central"", ""exteriorType"": ""Other"", ""fireplace"": true, ""floorCount"": 1, ""foundationType"": ""Raised"", ""heating"": true, ""heatingType"": ""Heat Pump"", ""roofType"": ""Composition Shingle"", ""roomCount"": 6, ""unitCount"": 1}",Single Family,R-2 SINGLE FAMILY
265,"{""architectureType"": ""Condo / Apartment"", ""cooling"": true, ""coolingType"": ""Central"", ""exteriorType"": ""Concrete"", ""floorCount"": 1, ""foundationType"": ""Crawl / Raised"", ""heating"": true, ""heatingType"": ""Hot Water"", ""roomCount"": 5, ""unitCount"": 1}",Condo,R-2
266,"{""architectureType"": ""Ranch"", ""cooling"": true, ""coolingType"": ""Commercial"", ""exteriorType"": ""Aluminum / Vinyl Siding"", ""fireplace"": true, ""floorCount"": 1, ""foundationType"": ""OTHER"", ""garage"": true, ""garageType"": ""Attached"", ""heating"": true, ""heatingType"": ""Forced Air"", ""roofType"": ""Wood Shingle""}",Single Family,Unknown
267,"{""architectureType"": ""Other"", ""exteriorType"": ""Combination"", ""fireplace"": true, ""floorCount"": 1, ""foundationType"": ""Pier / Post & Beam"", ""garage"": true, ""garageSpaces"": 2, ""garageType"": ""Detached"", ""heating"": true, ""heatingType"": ""Floor / Wall"", ""roofType"": ""Asphalt"", ""roomCount"": 6, ""unitCount"": 1}",Single Family,Unknown
268,"{""architectureType"": ""Duplex"", ""exteriorType"": ""Asbestos Shingle"", ""floorCount"": 1, ""foundationType"": ""Slab / Mat / Raft"", ""roofType"": ""Asphalt"", ""roomCount"": 8}",Duplex-Triplex,Unknown
269,"{""floorCount"": 1, ""garage"": true, ""garageType"": ""Garage"", ""roomCount"": 4, ""unitCount"": 1}",Single Family,Unknown
270,"{""architectureType"": ""Traditional"", ""exteriorType"": ""Composition"", ""floorCount"": 2, ""heating"": true, ""heatingType"": ""Forced Air"", ""unitCount"": 1}",Single Family,03 - MULTI-FAMILY
271,"{""cooling"": true, ""coolingType"": ""Central"", ""exteriorType"": ""Concrete Block"", ""floorCount"": 1, ""foundationType"": ""Slab / Mat / Raft"", ""garage"": true, ""garageSpaces"": 2, ""garageType"": ""Attached"", ""heating"": true, ""heatingType"": ""Central"", ""roomCount"": 7}",Single Family,Unknown
272,"{""architectureType"": ""Single Story"", ""cooling"": true, ""coolingType"": ""Central"", ""exteriorType"": ""Stucco"", ""fireplace"": true, ""floorCount"": 1, ""garage"": true, ""garageSpaces"": 1, ""garageType"": ""Attached"", ""heating"": true, ""heatingType"": ""Forced Air"", ""roofType"": ""Tile"", ""roomCount"": 6, ""unitCount"": 1}",Single Family,Unknown
273,"{""architectureType"": ""Conventional"", ""floorCount"": 1, ""garage"": true, ""garageSpaces"": 1, ""garageType"": ""Garage"", ""heating"": true, ""heatingType"": ""Floor / Wall"", ""roomCount"": 8, ""unitCount"": 1}",Single Family,INR1YY
274,"{""exteriorType"": ""Wood"", ""floorCount"": 1, ""unitCount"": 1}",Single Family,R2
275,"{""architectureType"": ""Bungalow"", ""exteriorType"": ""Aluminum / Vinyl Siding"", ""floorCount"": 1, ""heating"": true, ""heatingType"": ""Forced Air"", ""roomCount"": 7, ""unitCount"": 1}",Single Family,RT4
276,"{""architectureType"": ""Conventional"", ""cooling"": true, ""coolingType"": ""Central"", ""exteriorType"": ""Aluminum / Vinyl Siding"", ""fireplace"": true, ""fireplaceType"": ""Masonry"", ""floorCount"": 1, ""foundationType"": ""Raised"", ""garage"": true, ""garageSpaces"": 2, ""garageType"": ""Attached"", ""heating"": true, ""heatingType"": ""Forced Air"", ""roofType"": ""Composition Shingle"", ""roomCount"": 3, ""unitCount"": 1}",Single Family,R-4 WAXHAW
277,"{""architectureType"": ""Conventional"", ""cooling"": true, ""coolingType"": ""Commercial"", ""exteriorType"": ""OTHER"", ""fireplace"": true, ""floorCount"": 2, ""garage"": true, ""garageType"": ""Attached"", ""heating"": true, ""heatingType"": ""Forced Air"", ""roofType"": ""Composition Shingle"", ""roomCount"": 9, ""unitCount"": 1}",Single Family,R100M-SINGLE FAM RES
278,"{""exteriorType"": ""Brick"", ""fireplace"": true, ""floorCount"": 1, ""garage"": true, ""garageType"": ""Detached"", ""heating"": true, ""heatingType"": ""Forced Air"", ""roomCount"": 6, ""unitCount"": 1}",Single Family,U-SU-B1
279,"{""cooling"": true, ""coolingType"": ""Central"", ""exteriorType"": ""Stucco"", ""floorCount"": 1, ""foundationType"": ""Footing"", ""garage"": true, ""garageSpaces"": 1, ""garageType"": ""Garage"", ""heating"": true, ""heatingType"": ""Forced Air"", ""roofType"": ""Shingle (Not Wood)"", ""unitCount"": 1}",Single Family,Unknown
280,"{""cooling"": true, ""coolingType"": ""Commercial"", ""exteriorType"": ""Other"", ""floorCount"": 1, ""foundationType"": ""Concrete"", ""garage"": true, ""garageSpaces"": 2, ""garageType"": ""Attached"", ""heating"": true, ""heatingType"": ""Central"", ""roofType"": ""Tile"", ""unitCount"": 1}",Single Family,Unknown
281,"{""architectureType"": ""Ranch"", ""cooling"": true, ""coolingType"": ""Central"", ""exteriorType"": ""Stucco"", ""fireplace"": true, ""floorCount"": 1, ""garage"": true, ""garageType"": ""Attached"", ""heating"": true, ""heatingType"": ""Central"", ""roofType"": ""Tile"", ""roomCount"": 8}",Single Family,Unknown
282,{},Condo,Unknown
283,"{""exteriorType"": ""Combination"", ""floorCount"": 2, ""heating"": true, ""heatingType"": ""Electric"", ""roomCount"": 4, ""unitCount"": 1}",Condo,RM
284,"{""architectureType"": ""Townhouse"", ""cooling"": true, ""coolingType"": ""Central"", ""exteriorType"": ""Brick"", ""fireplace"": true, ""floorCount"": 2, ""garage"": true, ""garageSpaces"": 2, ""garageType"": ""Attached"", ""heating"": true, ""heatingType"": ""Forced Air"", ""roofType"": ""Asphalt"", ""roomCount"": 7}",Single Family,Unknown
285,"{""floorCount"": 1}",Single Family,Unknown
286,"{""architectureType"": ""Split Level"", ""cooling"": true, ""coolingType"": ""Central"", ""exteriorType"": ""Wood"", ""fireplace"": true, ""floorCount"": 2, ""foundationType"": ""Raised"", ""garage"": true, ""garageSpaces"": 2, ""garageType"": ""Attached"", ""heating"": true, ""heatingType"": ""Heat Pump"", ""roomCount"": 6, ""unitCount"": 1}",Single Family,Unknown
287,"{""cooling"": true, ""coolingType"": ""Central"", ""exteriorType"": ""Brick"", ""floorCount"": 2, ""heating"": true, ""heatingType"": ""Central"", ""roofType"": ""Composition Shingle"", ""unitCount"": 1}",Single Family,Unknown
288,"{""cooling"": true, ""coolingType"": ""Central"", ""exteriorType"": ""Stucco"", ""floorCount"": 1, ""garage"": true, ""garageType"": ""Attached"", ""heating"": true, ""heatingType"": ""Forced Air"", ""roofType"": ""Asphalt"", ""unitCount"": 1}",Single Family,PUD
289,"{""architectureType"": ""Conventional"", ""cooling"": true, ""coolingType"": ""Evaporative"", ""exteriorType"": ""Aluminum / Vinyl Siding"", ""floorCount"": 1, ""foundationType"": ""Masonry"", ""garage"": true, ""garageSpaces"": 1, ""garageType"": ""Carport"", ""heating"": true, ""heatingType"": ""Heat Pump"", ""roofType"": ""Composition Shingle"", ""unitCount"": 1}",Single Family,RU - RURAL
290,"{""garage"": true, ""garageType"": ""Attached""}",Single Family,Unknown
291,"{""cooling"": true, ""coolingType"": ""Commercial"", ""fireplace"": true, ""floorCount"": 1, ""heating"": true, ""heatingType"": ""Floor / Wall"", ""roomCount"": 4, ""unitCount"": 1}",Single Family,R16
292,"{""floorCount"": 1, ""roomCount"": 5, ""unitCount"": 1}",Single Family,RH1
293,"{""cooling"": true, ""coolingType"": ""Central"", ""floorCount"": 1, ""heating"": true, ""heatingType"": ""Central""}",Manufactured,Unknown
294,"{""cooling"": true, ""coolingType"": ""Commercial"", ""exteriorType"": ""Other"", ""floorCount"": 1, ""foundationType"": ""OTHER"", ""garage"": true, ""garageSpaces"": 1, ""garageType"": ""Attached"", ""heating"": true, ""heatingType"": ""Central"", ""roofType"": ""Tile"", ""unitCount"": 1}",Single Family,Unknown
295,"{""cooling"": true, ""coolingType"": ""Central"", ""exteriorType"": ""Brick Veneer"", ""fireplace"": true, ""floorCount"": 2, ""foundationType"": ""Slab / Mat / Raft"", ""garage"": true, ""garageSpaces"": 1, ""garageType"": ""Attached"", ""heating"": true, ""heatingType"": ""Radiant"", ""pool"": true, ""poolType"": ""Pool and Hot Tub / Spa"", ""roofType"": ""Composition Shingle"", ""unitCount"": 1}",Single Family,Z390
296,"{""cooling"": true, ""coolingType"": ""Commercial"", ""exteriorType"": ""Aluminum / Vinyl Siding"", ""fireplace"": true, ""floorCount"": 2, ""garage"": true, ""garageSpaces"": 1, ""garageType"": ""Attached Garage"", ""heating"": true, ""heatingType"": ""Forced Air"", ""roofType"": ""Wood Shake / Shingle"", ""unitCount"": 1}",Single Family,R200
297,"{""cooling"": true, ""coolingType"": ""Central"", ""exteriorType"": ""Stucco"", ""floorCount"": 1, ""foundationType"": ""Slab / Mat / Raft"", ""garage"": true, ""garageType"": ""Garage"", ""roofType"": ""Composition Shingle"", ""unitCount"": 1}",Single Family,RS-6.7
298,"{""cooling"": true, ""coolingType"": ""Central"", ""fireplace"": true, ""floorCount"": 1, ""foundationType"": ""Slab"", ""garage"": true, ""garageSpaces"": 1, ""garageType"": ""Carport"", ""heating"": true, ""heatingType"": ""Central"", ""roofType"": ""Composition Shingle"", ""unitCount"": 1}",Single Family,Unknown
299,"{""cooling"": true, ""coolingType"": ""Central"", ""exteriorType"": ""Vinyl"", ""floorCount"": 1, ""garage"": true, ""garageType"": ""Detached"", ""heating"": true, ""heatingType"": ""Forced Air"", ""roofType"": ""Asphalt"", ""roomCount"": 4, ""foundationType"": ""OTHER""}",Single Family,Unknown
300,"{""architectureType"": ""Traditional"", ""cooling"": true, ""coolingType"": ""Central"", ""exteriorType"": ""Concrete Block"", ""fireplace"": true, ""floorCount"": 1, ""foundationType"": ""Slab / Mat / Raft"", ""garage"": true, ""garageType"": ""Attached"", ""heating"": true, ""heatingType"": ""Central"", ""roomCount"": 6, ""unitCount"": 1}",Single Family,Unknown
301,"{""exteriorType"": ""Concrete Block"", ""floorCount"": 2, ""garage"": true, ""garageType"": ""Carport"", ""roofType"": ""Other"", ""unitCount"": 1}",Single Family,"5700:DUPLEXES,GENERAL"
302,"{""cooling"": true, ""coolingType"": ""Central"", ""exteriorType"": ""Concrete Block"", ""floorCount"": 1, ""garage"": true, ""garageType"": ""Garage"", ""heating"": true, ""heatingType"": ""Forced Air"", ""roofType"": ""Composition Shingle"", ""unitCount"": 1}",Single Family,R-1A
303,"{""architectureType"": ""Colonial"", ""exteriorType"": ""Asbestos Shingle"", ""fireplace"": true, ""fireplaceType"": ""2 Story"", ""floorCount"": 2, ""garage"": true, ""garageSpaces"": 2, ""garageType"": ""Garage"", ""heating"": true, ""heatingType"": ""Forced Air"", ""roofType"": ""Asphalt"", ""unitCount"": 1}",Single Family,150
304,"{""architectureType"": ""Townhouse"", ""cooling"": true, ""coolingType"": ""Central"", ""exteriorType"": ""Aluminum / Vinyl Siding"", ""fireplace"": true, ""fireplaceType"": ""Prefab"", ""floorCount"": 1, ""foundationType"": ""Slab"", ""garage"": true, ""garageType"": ""Built-in Garage"", ""heating"": true, ""heatingType"": ""Central"", ""roofType"": ""Asphalt"", ""unitCount"": 1}",Condo,PDAAAR
305,"{""cooling"": true, ""coolingType"": ""Central"", ""exteriorType"": ""Stucco"", ""floorCount"": 1, ""garage"": true, ""garageType"": ""Garage"", ""heating"": true, ""heatingType"": ""Forced Air"", ""pool"": true, ""roofType"": ""Composition Shingle"", ""unitCount"": 1}",Single Family,R-1-A
306,"{""architectureType"": ""Colonial"", ""cooling"": true, ""coolingType"": ""Central"", ""exteriorType"": ""Aluminum / Vinyl Siding"", ""fireplace"": true, ""fireplaceType"": ""Single"", ""floorCount"": 2, ""garage"": true, ""garageType"": ""Attached"", ""heating"": true, ""heatingType"": ""Central"", ""roomCount"": 9, ""unitCount"": 1}",Single Family,Unknown
307,"{""architectureType"": ""Townhouse"", ""cooling"": true, ""coolingType"": ""Commercial"", ""exteriorType"": ""Brick"", ""fireplace"": true, ""floorCount"": 2, ""garage"": true, ""garageType"": ""Garage"", ""heating"": true, ""heatingType"": ""Heat Pump"", ""unitCount"": 1}",Condo,R-6
308,"{""cooling"": true, ""coolingType"": ""Refrigeration"", ""exteriorType"": ""Wood"", ""floorCount"": 1, ""garage"": true, ""garageSpaces"": 2, ""garageType"": ""Garage"", ""heating"": true, ""roofType"": ""Other"", ""unitCount"": 1}",Single Family,PAD
309,"{""cooling"": true, ""coolingType"": ""Refrigeration"", ""exteriorType"": ""Stucco"", ""floorCount"": 1, ""garage"": true, ""garageSpaces"": 2, ""garageType"": ""Garage"", ""heating"": true}",Single Family,R-7
310,"{""architectureType"": ""Conventional"", ""cooling"": true, ""coolingType"": ""Central"", ""exteriorType"": ""Brick"", ""fireplace"": true, ""fireplaceType"": ""Single"", ""floorCount"": 2, ""foundationType"": ""Raised"", ""garage"": true, ""garageType"": ""Carport"", ""heating"": true, ""heatingType"": ""Central"", ""pool"": true, ""poolType"": ""In-Ground Vinyl Pool"", ""roofType"": ""Composition Shingle"", ""roomCount"": 9, ""unitCount"": 1}",Single Family,R-10
311,"{""architectureType"": ""Ranch"", ""cooling"": true, ""coolingType"": ""Commercial"", ""exteriorType"": ""Brick"", ""fireplace"": true, ""floorCount"": 1, ""foundationType"": ""Slab / Mat / Raft"", ""garage"": true, ""garageType"": ""Garage"", ""roomCount"": 5, ""unitCount"": 1}",Single Family,R
312,"{""architectureType"": ""Ranch"", ""cooling"": true, ""coolingType"": ""Central"", ""exteriorType"": ""Stucco"", ""fireplace"": true, ""floorCount"": 1, ""garage"": true, ""garageType"": ""Attached"", ""heating"": true, ""heatingType"": ""Central"", ""roofType"": ""Asphalt"", ""roomCount"": 11, ""unitCount"": 1}",Single Family,1110
313,"{""architectureType"": ""Ranch"", ""cooling"": true, ""coolingType"": ""Central"", ""exteriorType"": ""Brick"", ""floorCount"": 1, ""garage"": true, ""garageType"": ""Garage"", ""heating"": true, ""heatingType"": ""Gas"", ""unitCount"": 1}",Single Family,Unknown
314,"{""exteriorType"": ""Brick Veneer"", ""floorCount"": 2, ""garage"": true, ""garageSpaces"": 2, ""garageType"": ""Attached Garage"", ""roomCount"": 7}",Single Family,Unknown
315,"{""architectureType"": ""Ranch"", ""exteriorType"": ""Wood"", ""floorCount"": 1, ""garage"": true, ""garageSpaces"": 1, ""garageType"": ""Garage"", ""heating"": true, ""heatingType"": ""Forced Air"", ""roofType"": ""Asphalt"", ""unitCount"": 1}",Single Family,R200
316,"{""architectureType"": ""Modern"", ""cooling"": true, ""coolingType"": ""Central"", ""fireplace"": true, ""floorCount"": 1, ""garage"": true, ""garageSpaces"": 2, ""garageType"": ""Attached Garage"", ""heating"": true, ""heatingType"": ""Central"", ""roofType"": ""Tile"", ""roomCount"": 8, ""unitCount"": 1}",Single Family,Unknown
317,"{""cooling"": true, ""coolingType"": ""Refrigeration"", ""exteriorType"": ""Wood"", ""floorCount"": 1, ""garage"": true, ""garageSpaces"": 2, ""garageType"": ""Garage"", ""heating"": true, ""heatingType"": ""Forced Air"", ""roofType"": ""Asphalt"", ""roomCount"": 8, ""unitCount"": 1}",Single Family,M-H
318,"{""architectureType"": ""Contemporary"", ""exteriorType"": ""Combination"", ""fireplace"": true, ""floorCount"": 1, ""foundationType"": ""Slab / Mat / Raft"", ""garage"": true, ""garageType"": ""Carport"", ""heating"": true, ""heatingType"": ""Forced Air"", ""roofType"": ""Asphalt"", ""roomCount"": 7, ""unitCount"": 1}",Single Family,Unknown
319,"{""architectureType"": ""Two Family"", ""cooling"": true, ""coolingType"": ""Commercial"", ""exteriorType"": ""Masonry"", ""floorCount"": 2, ""garage"": true, ""garageSpaces"": 2, ""garageType"": ""Detached Garage"", ""roofType"": ""Tar & Gravel"", ""unitCount"": 2}",Apartment,Unknown
320,"{""cooling"": true, ""coolingType"": ""Central"", ""exteriorType"": ""Wood"", ""floorCount"": 2, ""garage"": true, ""garageSpaces"": 3, ""garageType"": ""Attached"", ""roofType"": ""Composition Shingle"", ""unitCount"": 1}",Single Family,Unknown
321,"{""architectureType"": ""Condo / Apartment"", ""cooling"": true, ""coolingType"": ""Central"", ""exteriorType"": ""Aluminum / Vinyl Siding"", ""floorCount"": 2, ""garage"": true, ""garageSpaces"": 2, ""garageType"": ""Garage"", ""heating"": true, ""heatingType"": ""Forced Air"", ""roofType"": ""Composition Shingle"", ""unitCount"": 2}",Duplex-Triplex,NR-4
322,"{""cooling"": true, ""coolingType"": ""Refrigeration"", ""exteriorType"": ""Block"", ""floorCount"": 1, ""garage"": true, ""garageSpaces"": 2, ""garageType"": ""Garage"", ""heating"": true, ""heatingType"": ""Forced Air"", ""roofType"": ""Concrete Tile"", ""roomCount"": 5, ""unitCount"": 1}",Single Family,R-7
323,"{""exteriorType"": ""Aluminum / Vinyl Siding"", ""floorCount"": 1, ""foundationType"": ""Block"", ""heating"": true, ""heatingType"": ""Floor / Wall"", ""roofType"": ""Asphalt"", ""roomCount"": 5, ""unitCount"": 1}",Single Family,R10S: RESIDENTIAL
324,"{""cooling"": true, ""coolingType"": ""Commercial"", ""exteriorType"": ""Stucco"", ""fireplace"": true, ""floorCount"": 1, ""foundationType"": ""Block"", ""garage"": true, ""garageSpaces"": 2, ""garageType"": ""Garage"", ""heating"": true, ""heatingType"": ""Heat Pump"", ""roofType"": ""Fiberglass"", ""unitCount"": 1}",Single Family,R1
325,"{""architectureType"": ""Split Level"", ""cooling"": true, ""coolingType"": ""Central"", ""exteriorType"": ""Combination"", ""fireplace"": true, ""floorCount"": 1, ""garage"": true, ""garageSpaces"": 2, ""garageType"": ""Garage"", ""heating"": true, ""heatingType"": ""Electric"", ""roomCount"": 7, ""unitCount"": 1}",Single Family,Unknown
326,"{""architectureType"": ""Split Level"", ""cooling"": true, ""coolingType"": ""Central"", ""exteriorType"": ""Wood"", ""fireplace"": true, ""fireplaceType"": ""Prefab"", ""floorCount"": 2, ""garage"": true, ""garageSpaces"": 2, ""garageType"": ""Attached"", ""heating"": true, ""heatingType"": ""Heat Pump"", ""roomCount"": 7, ""unitCount"": 1}",Single Family,Unknown
327,"{""architectureType"": ""A-Frame"", ""cooling"": true, ""coolingType"": ""Central"", ""exteriorType"": ""Marblecrete"", ""floorCount"": 2, ""garage"": true, ""garageType"": ""Attached"", ""heating"": true, ""heatingType"": ""Forced Air"", ""roofType"": ""Asphalt"", ""roomCount"": 7, ""unitCount"": 1}",Single Family,1112
328,"{""architectureType"": ""Traditional"", ""cooling"": true, ""coolingType"": ""Central"", ""exteriorType"": ""Brick Veneer"", ""floorCount"": 1, ""foundationType"": ""Slab / Mat / Raft"", ""heating"": true, ""heatingType"": ""Central"", ""roomCount"": 7, ""unitCount"": 1}",Single Family,Unknown
329,"{""cooling"": true, ""coolingType"": ""Central"", ""exteriorType"": ""Brick / Stone"", ""floorCount"": 1, ""garage"": true, ""garageType"": ""Garage"", ""heating"": true, ""heatingType"": ""Hot Water"", ""roomCount"": 6, ""unitCount"": 1}",Single Family,Unknown
330,"{""exteriorType"": ""Brick"", ""floorCount"": 2, ""garage"": true, ""garageSpaces"": 1, ""garageType"": ""Basement"", ""heating"": true, ""heatingType"": ""Hot Water"", ""roomCount"": 6, ""unitCount"": 1, ""viewType"": ""Average""}",Single Family,RSA5
331,"{""exteriorType"": ""Aluminum / Vinyl Siding"", ""fireplace"": true, ""floorCount"": 1, ""garage"": true, ""garageType"": ""Detached"", ""heating"": true, ""heatingType"": ""Forced Air"", ""unitCount"": 1}",Single Family,R4
332,"{""architectureType"": ""Split Level"", ""cooling"": true, ""coolingType"": ""Central"", ""fireplace"": true, ""floorCount"": 2, ""heating"": true, ""heatingType"": ""Gas"", ""unitCount"": 1}",Single Family,Unknown
